date,team,wins,losses,percent,run_diff,last_10_wins,last_10_losses,day_of_season,division,division_games_back,division_rank
3/26/2026,Mets,1,0,1,4,1,0,1,East,,
3/26/2026,Nationals,1,0,1,6,1,0,1,East,,
3/26/2026,Phillies,1,0,1,2,1,0,1,East,,
3/26/2026,Braves,0,0,0,0,0,0,1,East,,
3/26/2026,Marlins,0,0,0,0,0,0,1,East,,
3/26/2026,Brewers,1,0,1,12,1,0,1,Central,,
3/26/2026,Cardinals,1,0,1,2,1,0,1,Central,,
3/26/2026,Cubs,0,1,0,-6,0,1,1,Central,,
3/26/2026,Pirates,0,1,0,-4,0,1,1,Central,,
3/26/2026,Reds,0,1,0,-3,0,1,1,Central,,
3/26/2026,Dodgers,1,0,1,6,1,0,1,West,,
3/26/2026,Rockies,0,0,0,0,0,0,1,West,,
3/26/2026,D-backs,0,1,0,-6,0,1,1,West,,
3/26/2026,Giants,0,1,0,-7,0,1,1,West,,
3/26/2026,Padres,0,1,0,-6,0,1,1,West,,
3/27/2026,Marlins,1,0,1,1,1,0,2,East,,
3/27/2026,Mets,1,0,1,4,1,0,2,East,,
3/27/2026,Nationals,1,0,1,6,1,0,2,East,,
3/27/2026,Braves,1,0,1,6,1,0,2,East,,
3/27/2026,Phillies,1,0,1,2,1,0,2,East,,
3/27/2026,Brewers,1,0,1,12,1,0,2,Central,,
3/27/2026,Cardinals,1,0,1,2,1,0,2,Central,,
3/27/2026,Cubs,0,1,0,-6,0,1,2,Central,,
3/27/2026,Pirates,0,1,0,-4,0,1,2,Central,,
3/27/2026,Reds,0,1,0,-3,0,1,2,Central,,
3/27/2026,Dodgers,2,0,1,7,2,0,2,West,,
3/27/2026,Rockies,0,1,0,-1,0,1,2,West,,
3/27/2026,D-backs,0,2,0,-7,0,2,2,West,,
3/27/2026,Giants,0,2,0,-10,0,2,2,West,,
3/27/2026,Padres,0,2,0,-9,0,2,2,West,,
3/28/2026,Marlins,2,0,1,2,2,0,3,East,,
3/28/2026,Mets,2,0,1,6,2,0,3,East,,
3/28/2026,Braves,2,0,1,10,2,0,3,East,,
3/28/2026,Nationals,1,1,0.5,-2,1,1,3,East,,
3/28/2026,Phillies,1,1,0.5,1,1,1,3,East,,
3/28/2026,Brewers,2,0,1,17,2,0,3,Central,,
3/28/2026,Cardinals,2,0,1,3,2,0,3,Central,,
3/28/2026,Cubs,1,1,0.5,2,1,1,3,Central,,
3/28/2026,Reds,1,1,0.5,-2,1,1,3,Central,,
3/28/2026,Pirates,0,2,0,-6,0,2,3,Central,,
3/28/2026,Dodgers,3,0,1,8,3,0,3,West,,
3/28/2026,Padres,1,2,0.333,-6,1,2,3,West,,
3/28/2026,Rockies,0,2,0,-2,0,2,3,West,,
3/28/2026,D-backs,0,3,0,-8,0,3,3,West,,
3/28/2026,Giants,0,3,0,-12,0,3,3,West,,
3/29/2026,Marlins,3,0,1,3,3,0,4,East,,
3/29/2026,Mets,2,1,0.667,5,2,1,4,East,,
3/29/2026,Nationals,2,1,0.667,1,2,1,4,East,,
3/29/2026,Braves,2,1,0.667,7,2,1,4,East,,
3/29/2026,Phillies,1,2,0.333,-4,1,2,4,East,,
3/29/2026,Brewers,3,0,1,19,3,0,4,Central,,
3/29/2026,Cardinals,2,1,0.667,-1,2,1,4,Central,,
3/29/2026,Reds,2,1,0.667,-1,2,1,4,Central,,
3/29/2026,Cubs,1,2,0.333,-1,1,2,4,Central,,
3/29/2026,Pirates,1,2,0.333,-5,1,2,4,Central,,
3/29/2026,Dodgers,3,0,1,8,3,0,4,West,,
3/29/2026,Padres,1,2,0.333,-6,1,2,4,West,,
3/29/2026,D-backs,0,3,0,-8,0,3,4,West,,
3/29/2026,Rockies,0,3,0,-3,0,3,4,West,,
3/29/2026,Giants,0,3,0,-12,0,3,4,West,,
3/30/2026,Nationals,3,1,0.75,12,3,1,5,East,,
3/30/2026,Marlins,3,1,0.75,-2,3,1,5,East,,
3/30/2026,Mets,3,1,0.75,7,3,1,5,East,,
3/30/2026,Braves,3,1,0.75,11,3,1,5,East,,
3/30/2026,Phillies,1,3,0.25,-15,1,3,5,East,,
3/30/2026,Reds,3,1,0.75,1,3,1,5,Central,,
3/30/2026,Brewers,3,1,0.75,18,3,1,5,Central,,
3/30/2026,Cardinals,2,2,0.5,-3,2,2,5,Central,,
3/30/2026,Cubs,2,2,0.5,4,2,2,5,Central,,
3/30/2026,Pirates,1,3,0.25,-7,1,3,5,Central,,
3/30/2026,Dodgers,3,1,0.75,6,3,1,5,West,,
3/30/2026,Giants,1,3,0.25,-11,1,3,5,West,,
3/30/2026,Padres,1,3,0.25,-7,1,3,5,West,,
3/30/2026,D-backs,1,3,0.25,-5,1,3,5,West,,
3/30/2026,Rockies,1,3,0.25,6,1,3,5,West,,
3/31/2026,Marlins,4,1,0.8,5,4,1,6,East,,
3/31/2026,Nationals,3,2,0.6,11,3,2,6,East,,
3/31/2026,Mets,3,2,0.6,4,3,2,6,East,,
3/31/2026,Braves,3,2,0.6,8,3,2,6,East,,
3/31/2026,Phillies,2,3,0.4,-14,2,3,6,East,,
3/31/2026,Brewers,4,1,0.8,22,4,1,6,Central,,
3/31/2026,Reds,3,2,0.6,-4,3,2,6,Central,,
3/31/2026,Cardinals,3,2,0.6,0,3,2,6,Central,,
3/31/2026,Pirates,2,3,0.4,-2,2,3,6,Central,,
3/31/2026,Cubs,2,3,0.4,2,2,3,6,Central,,
3/31/2026,Dodgers,4,1,0.8,9,4,1,6,West,,
3/31/2026,Giants,2,3,0.4,-5,2,3,6,West,,
3/31/2026,D-backs,2,3,0.4,-3,2,3,6,West,,
3/31/2026,Padres,1,4,0.2,-13,1,4,6,West,,
3/31/2026,Rockies,1,4,0.2,2,1,4,6,West,,
4/1/2026,Marlins,5,1,0.833,15,5,1,7,East,,
4/1/2026,Braves,4,2,0.667,12,4,2,7,East,,
4/1/2026,Phillies,3,3,0.5,-13,3,3,7,East,,
4/1/2026,Nationals,3,3,0.5,10,3,3,7,East,,
4/1/2026,Mets,3,3,0.5,3,3,3,7,East,,
4/1/2026,Brewers,5,1,0.833,28,5,1,7,Central,,
4/1/2026,Cardinals,4,2,0.667,1,4,2,7,Central,,
4/1/2026,Pirates,3,3,0.5,3,3,3,7,Central,,
4/1/2026,Reds,3,3,0.5,-9,3,3,7,Central,,
4/1/2026,Cubs,3,3,0.5,6,3,3,7,Central,,
4/1/2026,Dodgers,4,2,0.667,6,4,2,7,West,,
4/1/2026,D-backs,3,3,0.5,-2,3,3,7,West,,
4/1/2026,Giants,2,4,0.333,-11,2,4,7,West,,
4/1/2026,Padres,2,4,0.333,-7,2,4,7,West,,
4/1/2026,Rockies,2,4,0.333,3,2,4,7,West,,
4/2/2026,Marlins,5,1,0.833,15,5,1,8,East,,
4/2/2026,Braves,5,2,0.714,27,5,2,8,East,,
4/2/2026,Phillies,3,3,0.5,-13,3,3,8,East,,
4/2/2026,Nationals,3,3,0.5,10,3,3,8,East,,
4/2/2026,Mets,3,4,0.429,-2,3,4,8,East,,
4/2/2026,Brewers,5,1,0.833,28,5,1,8,Central,,
4/2/2026,Cardinals,4,2,0.667,1,4,2,8,Central,,
4/2/2026,Pirates,3,3,0.5,3,3,3,8,Central,,
4/2/2026,Reds,3,3,0.5,-9,3,3,8,Central,,
4/2/2026,Cubs,3,3,0.5,6,3,3,8,Central,,
4/2/2026,Dodgers,4,2,0.667,6,4,2,8,West,,
4/2/2026,Giants,3,4,0.429,-6,3,4,8,West,,
4/2/2026,D-backs,3,4,0.429,-17,3,4,8,West,,
4/2/2026,Padres,2,4,0.333,-7,2,4,8,West,,
4/2/2026,Rockies,2,4,0.333,3,2,4,8,West,,
4/3/2026,Braves,6,2,0.75,29,6,2,9,East,,
4/3/2026,Marlins,5,2,0.714,9,5,2,9,East,,
4/3/2026,Phillies,4,3,0.571,-4,4,3,9,East,,
4/3/2026,Mets,4,4,0.5,5,4,4,9,East,,
4/3/2026,Nationals,3,4,0.429,3,3,4,9,East,,
4/3/2026,Brewers,5,1,0.833,28,5,1,9,Central,,
4/3/2026,Pirates,4,3,0.571,4,4,3,9,Central,,
4/3/2026,Reds,4,3,0.571,-7,4,3,9,Central,,
4/3/2026,Cardinals,4,3,0.571,-3,4,3,9,Central,,
4/3/2026,Cubs,3,4,0.429,3,3,4,9,Central,,
4/3/2026,Dodgers,5,2,0.714,13,5,2,9,West,,
4/3/2026,Giants,3,5,0.375,-13,3,5,9,West,,
4/3/2026,D-backs,3,5,0.375,-19,3,5,9,West,,
4/3/2026,Padres,2,5,0.286,-10,2,5,9,West,,
4/3/2026,Rockies,2,5,0.286,-6,2,5,9,West,,
4/4/2026,Braves,6,3,0.667,28,6,3,10,East,,
4/4/2026,Phillies,5,3,0.625,-3,5,3,10,East,,
4/4/2026,Marlins,5,3,0.625,7,5,3,10,East,,
4/4/2026,Mets,5,4,0.556,14,5,4,10,East,,
4/4/2026,Nationals,3,5,0.375,-2,3,5,10,East,,
4/4/2026,Brewers,6,2,0.75,25,6,2,10,Central,,
4/4/2026,Pirates,5,3,0.625,5,5,3,10,Central,,
4/4/2026,Reds,5,3,0.625,-5,5,3,10,Central,,
4/4/2026,Cardinals,4,4,0.5,-8,4,4,10,Central,,
4/4/2026,Cubs,3,4,0.429,3,3,4,10,Central,,
4/4/2026,Dodgers,6,2,0.75,18,6,2,10,West,,
4/4/2026,D-backs,4,5,0.444,-18,4,5,10,West,,
4/4/2026,Padres,3,5,0.375,-9,3,5,10,West,,
4/4/2026,Giants,3,6,0.333,-22,3,6,10,West,,
4/4/2026,Rockies,2,6,0.25,-7,2,6,10,West,,
4/5/2026,Marlins,6,3,0.667,8,6,3,11,East,,
4/5/2026,Mets,6,4,0.6,17,6,4,11,East,,
4/5/2026,Braves,6,4,0.6,27,6,4,11,East,,
4/5/2026,Phillies,5,4,0.556,-6,5,4,11,East,,
4/5/2026,Nationals,3,6,0.333,-4,3,6,11,East,,
4/5/2026,Brewers,7,2,0.778,28,7,2,11,Central,,
4/5/2026,Pirates,6,3,0.667,11,6,3,11,Central,,
4/5/2026,Reds,6,3,0.667,-4,6,3,11,Central,,
4/5/2026,Cardinals,5,4,0.556,-6,5,4,11,Central,,
4/5/2026,Cubs,4,5,0.444,3,4,5,11,Central,,
4/5/2026,Dodgers,7,2,0.778,20,7,2,11,West,,
4/5/2026,D-backs,5,5,0.5,-17,5,5,11,West,,
4/5/2026,Padres,4,5,0.444,-7,4,5,11,West,,
4/5/2026,Rockies,3,6,0.333,-4,3,6,11,West,,
4/5/2026,Giants,3,7,0.3,-25,3,7,11,West,,
4/6/2026,Phillies,6,4,0.6,-4,6,4,12,East,,
4/6/2026,Marlins,6,4,0.6,6,6,4,12,East,,
4/6/2026,Mets,6,4,0.6,17,6,4,12,East,,
4/6/2026,Braves,6,5,0.545,23,5,5,12,East,,
4/6/2026,Nationals,4,6,0.4,-1,4,6,12,East,,
4/6/2026,Brewers,8,2,0.8,30,8,2,12,Central,,
4/6/2026,Reds,7,3,0.7,-2,7,3,12,Central,,
4/6/2026,Pirates,6,4,0.6,6,6,4,12,Central,,
4/6/2026,Cardinals,5,5,0.5,-9,5,5,12,Central,,
4/6/2026,Cubs,4,6,0.4,1,4,6,12,Central,,
4/6/2026,Dodgers,8,2,0.8,32,8,2,12,West,,
4/6/2026,Padres,5,5,0.5,-2,5,5,12,West,,
4/6/2026,D-backs,5,5,0.5,-17,5,5,12,West,,
4/6/2026,Rockies,4,6,0.4,-2,4,6,12,West,,
4/6/2026,Giants,3,8,0.273,-27,3,7,12,West,,
4/7/2026,Mets,7,4,0.636,18,6,4,13,East,,
4/7/2026,Braves,7,5,0.583,28,5,5,13,East,,
4/7/2026,Phillies,6,5,0.545,-10,5,5,13,East,,
4/7/2026,Marlins,6,5,0.545,3,5,5,13,East,,
4/7/2026,Nationals,4,7,0.364,-2,3,7,13,East,,
4/7/2026,Reds,8,3,0.727,1,8,2,13,Central,,
4/7/2026,Brewers,8,3,0.727,29,7,3,13,Central,,
4/7/2026,Pirates,7,4,0.636,12,7,3,13,Central,,
4/7/2026,Cardinals,6,5,0.545,-8,5,5,13,Central,,
4/7/2026,Cubs,5,6,0.455,8,5,5,13,Central,,
4/7/2026,Dodgers,9,2,0.818,35,8,2,13,West,,
4/7/2026,Padres,5,6,0.455,-8,5,5,13,West,,
4/7/2026,D-backs,5,6,0.455,-18,5,5,13,West,,
4/7/2026,Rockies,5,6,0.455,2,5,5,13,West,,
4/7/2026,Giants,4,8,0.333,-21,4,6,13,West,,
4/8/2026,Braves,8,5,0.615,34,6,4,14,East,,
4/8/2026,Marlins,7,5,0.583,6,5,5,14,East,,
4/8/2026,Mets,7,5,0.583,13,5,5,14,East,,
4/8/2026,Phillies,6,6,0.5,-15,5,5,14,East,,
4/8/2026,Nationals,4,8,0.333,-7,3,7,14,East,,
4/8/2026,Reds,8,4,0.667,-2,7,3,14,Central,,
4/8/2026,Brewers,8,4,0.667,24,6,4,14,Central,,
4/8/2026,Pirates,7,5,0.583,6,7,3,14,Central,,
4/8/2026,Cardinals,7,5,0.583,-3,5,5,14,Central,,
4/8/2026,Cubs,6,6,0.5,12,5,5,14,Central,,
4/8/2026,Dodgers,9,3,0.75,34,7,3,14,West,,
4/8/2026,Padres,6,6,0.5,-2,6,4,14,West,,
4/8/2026,D-backs,6,6,0.5,-13,6,4,14,West,,
4/8/2026,Rockies,6,6,0.5,10,6,4,14,West,,
4/8/2026,Giants,5,8,0.385,-16,5,5,14,West,,
4/9/2026,Marlins,8,5,0.615,13,5,5,15,East,,
4/9/2026,Braves,8,5,0.615,34,6,4,15,East,,
4/9/2026,Mets,7,6,0.538,7,5,5,15,East,,
4/9/2026,Phillies,6,6,0.5,-15,5,5,15,East,,
4/9/2026,Nationals,4,8,0.333,-7,3,7,15,East,,
4/9/2026,Brewers,8,4,0.667,24,6,4,15,Central,,
4/9/2026,Reds,8,5,0.615,-9,6,4,15,Central,,
4/9/2026,Pirates,7,5,0.583,6,7,3,15,Central,,
4/9/2026,Cardinals,7,5,0.583,-3,5,5,15,Central,,
4/9/2026,Cubs,6,6,0.5,12,5,5,15,Central,,
4/9/2026,Dodgers,9,3,0.75,34,7,3,15,West,,
4/9/2026,Padres,7,6,0.538,2,6,4,15,West,,
4/9/2026,D-backs,7,6,0.538,-7,7,3,15,West,,
4/9/2026,Rockies,6,7,0.462,6,6,4,15,West,,
4/9/2026,Giants,5,8,0.385,-16,5,5,15,West,,
4/10/2026,Braves,9,5,0.643,40,6,4,16,East,,
4/10/2026,Marlins,8,6,0.571,11,5,5,16,East,,
4/10/2026,Mets,7,7,0.5,3,4,6,16,East,,
4/10/2026,Phillies,6,7,0.462,-16,5,5,16,East,,
4/10/2026,Nationals,5,8,0.385,-3,3,7,16,East,,
4/10/2026,Pirates,8,5,0.615,8,7,3,16,Central,,
4/10/2026,Cardinals,8,5,0.615,-2,6,4,16,Central,,
4/10/2026,Brewers,8,5,0.615,20,5,5,16,Central,,
4/10/2026,Reds,8,6,0.571,-17,5,5,16,Central,,
4/10/2026,Cubs,6,7,0.462,10,5,5,16,Central,,
4/10/2026,Dodgers,10,3,0.769,35,7,3,16,West,,
4/10/2026,Padres,8,6,0.571,5,7,3,16,West,,
4/10/2026,D-backs,8,6,0.571,-6,7,3,16,West,,
4/10/2026,Giants,6,8,0.429,-13,5,5,16,West,,
4/10/2026,Rockies,6,8,0.429,3,5,5,16,West,,
4/11/2026,Braves,9,6,0.6,34,6,4,17,East,,
4/11/2026,Marlins,8,7,0.533,6,4,6,17,East,,
4/11/2026,Phillies,7,7,0.5,-15,6,4,17,East,,
4/11/2026,Mets,7,8,0.467,-2,4,6,17,East,,
4/11/2026,Nationals,6,8,0.429,-1,3,7,17,East,,
4/11/2026,Pirates,9,5,0.643,9,8,2,17,Central,,
4/11/2026,Reds,9,6,0.6,-13,6,4,17,Central,,
4/11/2026,Cardinals,8,6,0.571,-8,6,4,17,Central,,
4/11/2026,Brewers,8,6,0.571,18,5,5,17,Central,,
4/11/2026,Cubs,6,8,0.429,9,4,6,17,Central,,
4/11/2026,Dodgers,11,3,0.786,38,8,2,17,West,,
4/11/2026,Padres,9,6,0.6,9,8,2,17,West,,
4/11/2026,D-backs,8,7,0.533,-7,6,4,17,West,,
4/11/2026,Giants,6,9,0.4,-17,4,6,17,West,,
4/11/2026,Rockies,6,9,0.4,-1,5,5,17,West,,
4/12/2026,Braves,10,6,0.625,46,6,4,18,East,,
4/12/2026,Marlins,8,8,0.5,0,3,7,18,East,,
4/12/2026,Phillies,7,8,0.467,-16,5,5,18,East,,
4/12/2026,Nationals,7,8,0.467,1,4,6,18,East,,
4/12/2026,Mets,7,9,0.438,-3,4,6,18,East,,
4/12/2026,Pirates,9,6,0.6,8,7,3,18,Central,,
4/12/2026,Reds,9,7,0.563,-16,6,4,18,Central,,
4/12/2026,Cardinals,8,7,0.533,-14,5,5,18,Central,,
4/12/2026,Brewers,8,7,0.533,16,4,6,18,Central,,
4/12/2026,Cubs,7,8,0.467,10,5,5,18,Central,,
4/12/2026,Dodgers,11,4,0.733,35,7,3,18,West,,
4/12/2026,Padres,10,6,0.625,14,8,2,18,West,,
4/12/2026,D-backs,9,7,0.563,-6,6,4,18,West,,
4/12/2026,Giants,6,10,0.375,-21,4,6,18,West,,
4/12/2026,Rockies,6,10,0.375,-6,4,6,18,West,,
4/13/2026,Braves,10,7,0.588,40,5,5,19,East,,
4/13/2026,Marlins,9,8,0.529,6,4,6,19,East,,
4/13/2026,Phillies,8,8,0.5,-10,5,5,19,East,,
4/13/2026,Nationals,7,9,0.438,-10,4,6,19,East,,
4/13/2026,Mets,7,10,0.412,-7,4,6,19,East,,
4/13/2026,Pirates,10,6,0.625,19,7,3,19,Central,,
4/13/2026,Reds,9,7,0.563,-16,6,4,19,Central,,
4/13/2026,Brewers,8,7,0.533,16,4,6,19,Central,,
4/13/2026,Cardinals,8,8,0.5,-20,4,6,19,Central,,
4/13/2026,Cubs,7,9,0.438,4,4,6,19,Central,,
4/13/2026,Dodgers,12,4,0.75,39,8,2,19,West,,
4/13/2026,Padres,10,6,0.625,14,8,2,19,West,,
4/13/2026,D-backs,9,8,0.529,-8,6,4,19,West,,
4/13/2026,Giants,6,10,0.375,-21,4,6,19,West,,
4/13/2026,Rockies,6,10,0.375,-6,4,6,19,West,,
4/14/2026,Braves,11,7,0.611,41,5,5,20,East,,
4/14/2026,Marlins,9,9,0.5,5,4,6,20,East,,
4/14/2026,Phillies,8,9,0.471,-16,4,6,20,East,,
4/14/2026,Nationals,8,9,0.471,-9,5,5,20,East,,
4/14/2026,Mets,7,11,0.389,-8,3,7,20,East,,
4/14/2026,Pirates,10,7,0.588,18,6,4,20,Central,,
4/14/2026,Reds,10,7,0.588,-15,6,4,20,Central,,
4/14/2026,Cardinals,9,8,0.529,-19,5,5,20,Central,,
4/14/2026,Brewers,8,8,0.5,14,3,7,20,Central,,
4/14/2026,Cubs,8,9,0.471,10,5,5,20,Central,,
4/14/2026,Dodgers,13,4,0.765,40,8,2,20,West,,
4/14/2026,Padres,11,6,0.647,17,9,1,20,West,,
4/14/2026,D-backs,10,8,0.556,-7,7,3,20,West,,
4/14/2026,Giants,6,11,0.353,-22,3,7,20,West,,
4/14/2026,Rockies,6,11,0.353,-7,4,6,20,West,,
4/15/2026,Braves,12,7,0.632,44,6,4,21,East,,
4/15/2026,Marlins,9,10,0.474,2,3,7,21,East,,
4/15/2026,Phillies,8,10,0.444,-25,3,7,21,East,,
4/15/2026,Nationals,8,10,0.444,-11,5,5,21,East,,
4/15/2026,Mets,7,12,0.368,-14,2,8,21,East,,
4/15/2026,Pirates,11,7,0.611,20,6,4,21,Central,,
4/15/2026,Reds,11,7,0.611,-10,6,4,21,Central,,
4/15/2026,Cardinals,10,8,0.556,-17,6,4,21,Central,,
4/15/2026,Brewers,9,8,0.529,15,3,7,21,Central,,
4/15/2026,Cubs,9,9,0.5,19,5,5,21,Central,,
4/15/2026,Dodgers,14,4,0.778,46,8,2,21,West,,
4/15/2026,Padres,12,6,0.667,18,9,1,21,West,,
4/15/2026,D-backs,11,8,0.579,-4,7,3,21,West,,
4/15/2026,Giants,6,12,0.333,-27,3,7,21,West,,
4/15/2026,Rockies,6,12,0.333,-9,4,6,21,West,,
4/16/2026,Braves,12,7,0.632,44,6,4,22,East,,
4/16/2026,Marlins,9,10,0.474,2,3,7,22,East,,
4/16/2026,Nationals,9,10,0.474,-10,6,4,22,East,,
4/16/2026,Phillies,8,10,0.444,-25,3,7,22,East,,
4/16/2026,Mets,7,12,0.368,-14,2,8,22,East,,
4/16/2026,Pirates,11,8,0.579,19,5,5,22,Central,,
4/16/2026,Reds,11,8,0.579,-13,5,5,22,Central,,
4/16/2026,Cardinals,10,8,0.556,-17,6,4,22,Central,,
4/16/2026,Brewers,10,8,0.556,16,4,6,22,Central,,
4/16/2026,Cubs,9,9,0.5,19,5,5,22,Central,,
4/16/2026,Dodgers,14,4,0.778,46,8,2,22,West,,
4/16/2026,Padres,13,6,0.684,21,9,1,22,West,,
4/16/2026,D-backs,11,8,0.579,-4,7,3,22,West,,
4/16/2026,Giants,7,12,0.368,-24,4,6,22,West,,
4/16/2026,Rockies,7,12,0.368,-8,4,6,22,West,,
4/17/2026,Braves,13,7,0.65,53,7,3,23,East,,
4/17/2026,Marlins,9,11,0.45,0,3,7,23,East,,
4/17/2026,Nationals,9,11,0.45,-15,5,5,23,East,,
4/17/2026,Phillies,8,11,0.421,-34,3,7,23,East,,
4/17/2026,Mets,7,13,0.35,-22,1,9,23,East,,
4/17/2026,Pirates,12,8,0.6,23,6,4,23,Central,,
4/17/2026,Reds,12,8,0.6,-12,5,5,23,Central,,
4/17/2026,Cardinals,11,8,0.579,-12,6,4,23,Central,,
4/17/2026,Brewers,11,8,0.579,18,4,6,23,Central,,
4/17/2026,Cubs,10,9,0.526,27,6,4,23,Central,,
4/17/2026,Dodgers,15,4,0.789,52,8,2,23,West,,
4/17/2026,Padres,13,7,0.65,13,8,2,23,West,,
4/17/2026,D-backs,12,8,0.6,-1,7,3,23,West,,
4/17/2026,Giants,8,12,0.4,-19,5,5,23,West,,
4/17/2026,Rockies,7,13,0.35,-14,3,7,23,West,,
4/18/2026,Braves,14,7,0.667,55,8,2,24,East,,
4/18/2026,Marlins,9,12,0.429,-3,3,7,24,East,,
4/18/2026,Nationals,9,12,0.429,-16,5,5,24,East,,
4/18/2026,Phillies,8,12,0.4,-36,2,8,24,East,,
4/18/2026,Mets,7,14,0.333,-24,0,10,24,East,,
4/18/2026,Reds,13,8,0.619,-11,5,5,24,Central,,
4/18/2026,Cardinals,12,8,0.6,-10,7,3,24,Central,,
4/18/2026,Brewers,12,8,0.6,21,4,6,24,Central,,
4/18/2026,Pirates,12,9,0.571,22,5,5,24,Central,,
4/18/2026,Cubs,11,9,0.55,29,7,3,24,Central,,
4/18/2026,Dodgers,15,5,0.75,51,7,3,24,West,,
4/18/2026,Padres,14,7,0.667,16,9,1,24,West,,
4/18/2026,D-backs,13,8,0.619,3,8,2,24,West,,
4/18/2026,Giants,9,12,0.429,-18,6,4,24,West,,
4/18/2026,Rockies,8,13,0.381,-13,3,7,24,West,,
4/19/2026,Braves,15,7,0.682,57,8,2,25,East,,
4/19/2026,Marlins,10,12,0.455,-1,3,7,25,East,,
4/19/2026,Nationals,10,12,0.455,-13,6,4,25,East,,
4/19/2026,Phillies,8,13,0.381,-38,2,8,25,East,,
4/19/2026,Mets,7,15,0.318,-25,0,10,25,East,,
4/19/2026,Reds,14,8,0.636,-8,6,4,25,Central,,
4/19/2026,Cardinals,13,8,0.619,-8,7,3,25,Central,,
4/19/2026,Pirates,13,9,0.591,25,6,4,25,Central,,
4/19/2026,Cubs,12,9,0.571,30,7,3,25,Central,,
4/19/2026,Brewers,12,9,0.571,19,4,6,25,Central,,
4/19/2026,Dodgers,15,6,0.714,48,6,4,25,West,,
4/19/2026,Padres,15,7,0.682,17,9,1,25,West,,
4/19/2026,D-backs,13,9,0.591,-3,7,3,25,West,,
4/19/2026,Giants,9,13,0.409,-21,5,5,25,West,,
4/19/2026,Rockies,9,13,0.409,-10,3,7,25,West,,
4/20/2026,Braves,15,7,0.682,57,8,2,26,East,,
4/20/2026,Marlins,10,12,0.455,-1,3,7,26,East,,
4/20/2026,Nationals,10,12,0.455,-13,6,4,26,East,,
4/20/2026,Phillies,8,13,0.381,-38,2,8,26,East,,
4/20/2026,Mets,7,15,0.318,-25,0,10,26,East,,
4/20/2026,Reds,14,8,0.636,-8,6,4,26,Central,,
4/20/2026,Cardinals,13,8,0.619,-8,7,3,26,Central,,
4/20/2026,Pirates,13,9,0.591,25,6,4,26,Central,,
4/20/2026,Cubs,12,9,0.571,30,7,3,26,Central,,
4/20/2026,Brewers,12,9,0.571,19,4,6,26,Central,,
4/20/2026,Dodgers,15,6,0.714,48,6,4,26,West,,
4/20/2026,Padres,15,7,0.682,17,9,1,26,West,,
4/20/2026,D-backs,13,9,0.591,-3,7,3,26,West,,
4/20/2026,Giants,9,13,0.409,-21,5,5,26,West,,
4/20/2026,Rockies,9,13,0.409,-10,3,7,26,West,,
4/21/2026,Braves,16,7,0.696,62,8,2,26,East,,
4/21/2026,Marlins,11,12,0.478,1,3,7,26,East,,
4/21/2026,Nationals,10,13,0.435,-18,5,5,26,East,,
4/21/2026,Phillies,8,14,0.364,-42,2,8,26,East,,
4/21/2026,Mets,7,15,0.318,-25,0,10,26,East,,
4/21/2026,Reds,15,8,0.652,-3,7,3,26,Central,,
4/21/2026,Pirates,13,9,0.591,25,6,4,26,Central,,
4/21/2026,Cubs,13,9,0.591,34,7,3,26,Central,,
4/21/2026,Cardinals,13,9,0.591,-10,6,4,26,Central,,
4/21/2026,Brewers,12,9,0.571,19,4,6,26,Central,,
4/21/2026,Dodgers,16,6,0.727,57,7,3,26,West,,
4/21/2026,Padres,15,7,0.682,17,9,1,26,West,,
4/21/2026,D-backs,13,9,0.591,-3,7,3,26,West,,
4/21/2026,Giants,9,13,0.409,-21,5,5,26,West,,
4/21/2026,Rockies,9,14,0.391,-19,3,7,26,West,,
4/22/2026,Braves,16,8,0.667,55,7,3,27,East,,
4/22/2026,Marlins,11,13,0.458,-1,3,7,27,East,,
4/22/2026,Nationals,11,13,0.458,-11,5,5,27,East,,
4/22/2026,Phillies,8,15,0.348,-45,2,8,27,East,,
4/22/2026,Mets,7,16,0.304,-27,0,10,27,East,,
4/22/2026,Reds,16,8,0.667,3,8,2,27,Central,,
4/22/2026,Cubs,14,9,0.609,37,8,2,27,Central,,
4/22/2026,Cardinals,14,9,0.609,-8,6,4,27,Central,,
4/22/2026,Brewers,13,9,0.591,27,5,5,27,Central,,
4/22/2026,Pirates,13,10,0.565,21,5,5,27,Central,,
4/22/2026,Padres,16,7,0.696,18,9,1,27,West,,
4/22/2026,Dodgers,16,7,0.696,55,6,4,27,West,,
4/22/2026,D-backs,13,10,0.565,-9,6,4,27,West,,
4/22/2026,Giants,10,13,0.435,-19,5,5,27,West,,
4/22/2026,Rockies,9,15,0.375,-20,3,7,27,West,,
4/23/2026,Braves,17,8,0.68,57,8,2,29,East,,
4/23/2026,Marlins,12,13,0.48,2,4,6,29,East,,
4/23/2026,Nationals,11,14,0.44,-13,4,6,29,East,,
4/23/2026,Phillies,8,16,0.333,-50,1,9,29,East,,
4/23/2026,Mets,8,16,0.333,-26,1,9,29,East,,
4/23/2026,Reds,16,9,0.64,-2,7,3,29,Central,,
4/23/2026,Cubs,15,9,0.625,42,9,1,29,Central,,
4/23/2026,Pirates,14,10,0.583,25,5,5,29,Central,,
4/23/2026,Cardinals,14,10,0.583,-11,6,4,29,Central,,
4/23/2026,Brewers,13,10,0.565,24,5,5,29,Central,,
4/23/2026,Padres,16,8,0.667,13,8,2,29,West,,
4/23/2026,Dodgers,16,8,0.667,52,5,5,29,West,,
4/23/2026,D-backs,14,10,0.583,-5,6,4,29,West,,
4/23/2026,Giants,11,13,0.458,-16,5,5,29,West,,
4/23/2026,Rockies,10,15,0.4,-15,4,6,29,West,,
4/24/2026,Braves,18,8,0.692,62,8,2,30,East,,
4/24/2026,Marlins,12,13,0.48,2,4,6,30,East,,
4/24/2026,Nationals,11,15,0.423,-18,4,6,30,East,,
4/24/2026,Mets,9,16,0.36,-24,2,8,30,East,,
4/24/2026,Phillies,8,17,0.32,-51,1,9,30,East,,
4/24/2026,Cubs,16,9,0.64,43,9,1,30,Central,,
4/24/2026,Reds,16,9,0.64,-2,7,3,30,Central,,
4/24/2026,Cardinals,14,10,0.583,-11,6,4,30,Central,,
4/24/2026,Pirates,14,11,0.56,20,5,5,30,Central,,
4/24/2026,Brewers,13,11,0.542,23,5,5,30,Central,,
4/24/2026,Padres,17,8,0.68,15,8,2,30,West,,
4/24/2026,Dodgers,17,8,0.68,55,6,4,30,West,,
4/24/2026,D-backs,14,11,0.56,-8,6,4,30,West,,
4/24/2026,Giants,11,14,0.44,-19,5,5,30,West,,
4/24/2026,Rockies,10,16,0.385,-17,4,6,30,West,,
4/25/2026,Braves,19,9,0.679,61,8,2,31,East,,
4/25/2026,Marlins,13,14,0.481,3,4,6,31,East,,
4/25/2026,Nationals,12,16,0.429,-16,4,6,31,East,,
4/25/2026,Mets,9,17,0.346,-25,2,8,31,East,,
4/25/2026,Phillies,9,18,0.333,-50,1,9,31,East,,
4/25/2026,Reds,18,9,0.667,6,8,2,31,Central,,
4/25/2026,Cubs,17,10,0.63,37,9,1,31,Central,,
4/25/2026,Pirates,16,11,0.593,29,6,4,31,Central,,
4/25/2026,Cardinals,14,12,0.538,-14,6,4,31,Central,,
4/25/2026,Brewers,13,13,0.5,14,5,5,31,Central,,
4/25/2026,Padres,18,8,0.692,17,8,2,31,West,,
4/25/2026,Dodgers,18,9,0.667,61,5,5,31,West,,
4/25/2026,D-backs,14,12,0.538,-10,5,5,31,West,,
4/25/2026,Giants,12,15,0.444,-20,6,4,31,West,,
4/25/2026,Rockies,11,16,0.407,-16,5,5,31,West,,
4/26/2026,Braves,20,9,0.69,65,8,2,32,East,,
4/26/2026,Marlins,13,14,0.481,3,4,6,32,East,,
4/26/2026,Nationals,13,16,0.448,-15,4,6,32,East,,
4/26/2026,Mets,9,18,0.333,-27,2,8,32,East,,
4/26/2026,Phillies,9,19,0.321,-54,1,9,32,East,,
4/26/2026,Reds,18,10,0.643,1,7,3,32,Central,,
4/26/2026,Cubs,17,10,0.63,37,9,1,32,Central,,
4/26/2026,Pirates,16,12,0.571,24,5,5,32,Central,,
4/26/2026,Brewers,14,13,0.519,19,5,5,32,Central,,
4/26/2026,Cardinals,14,13,0.519,-15,5,5,32,Central,,
4/26/2026,Padres,18,8,0.692,17,8,2,32,West,,
4/26/2026,Dodgers,18,9,0.667,61,5,5,32,West,,
4/26/2026,D-backs,14,12,0.538,-10,5,5,32,West,,
4/26/2026,Giants,12,15,0.444,-20,6,4,32,West,,
4/26/2026,Rockies,12,16,0.429,-14,6,4,32,West,,
4/27/2026,Braves,20,9,0.69,65,8,2,33,East,,
4/27/2026,Marlins,13,16,0.448,-1,4,6,33,East,,
4/27/2026,Nationals,13,16,0.448,-15,4,6,33,East,,
4/27/2026,Phillies,9,19,0.321,-54,1,9,33,East,,
4/27/2026,Mets,9,19,0.321,-30,2,8,33,East,,
4/27/2026,Reds,18,10,0.643,1,7,3,33,Central,,
4/27/2026,Cubs,17,12,0.586,29,7,3,33,Central,,
4/27/2026,Pirates,16,13,0.552,22,5,5,33,Central,,
4/27/2026,Cardinals,15,13,0.536,-13,5,5,33,Central,,
4/27/2026,Brewers,14,13,0.519,19,5,5,33,Central,,
4/27/2026,Dodgers,20,9,0.69,68,5,5,33,West,,
4/27/2026,Padres,19,9,0.679,14,7,3,33,West,,
4/27/2026,D-backs,15,12,0.556,-5,6,4,33,West,,
4/27/2026,Giants,13,15,0.464,-17,7,3,33,West,,
4/27/2026,Rockies,13,16,0.448,-11,6,4,33,West,,
4/28/2026,Braves,20,9,0.69,65,8,2,34,East,,
4/28/2026,Marlins,13,16,0.448,-1,4,6,34,East,,
4/28/2026,Nationals,13,16,0.448,-15,4,6,34,East,,
4/28/2026,Phillies,9,19,0.321,-54,1,9,34,East,,
4/28/2026,Mets,9,19,0.321,-30,2,8,34,East,,
4/28/2026,Reds,18,10,0.643,1,7,3,34,Central,,
4/28/2026,Cubs,17,12,0.586,29,7,3,34,Central,,
4/28/2026,Pirates,16,13,0.552,22,5,5,34,Central,,
4/28/2026,Cardinals,15,13,0.536,-13,5,5,34,Central,,
4/28/2026,Brewers,14,13,0.519,19,5,5,34,Central,,
4/28/2026,Dodgers,20,9,0.69,68,5,5,34,West,,
4/28/2026,Padres,19,9,0.679,14,7,3,34,West,,
4/28/2026,D-backs,15,12,0.556,-5,6,4,34,West,,
4/28/2026,Giants,13,15,0.464,-17,7,3,34,West,,
4/28/2026,Rockies,13,16,0.448,-11,6,4,34,West,,
4/29/2026,Braves,21,9,0.7,68,8,2,35,East,,
4/29/2026,Marlins,14,16,0.467,0,5,5,35,East,,
4/29/2026,Nationals,13,17,0.433,-23,4,6,35,East,,
4/29/2026,Mets,10,19,0.345,-22,3,7,35,East,,
4/29/2026,Phillies,10,19,0.345,-47,2,8,35,East,,
4/29/2026,Reds,19,10,0.655,6,8,2,35,Central,,
4/29/2026,Cubs,18,12,0.6,34,7,3,35,Central,,
4/29/2026,Cardinals,16,13,0.552,-9,5,5,35,Central,,
4/29/2026,Brewers,15,13,0.536,30,5,5,35,Central,,
4/29/2026,Pirates,16,14,0.533,18,4,6,35,Central,,
4/29/2026,Dodgers,20,10,0.667,67,5,5,35,West,,
4/29/2026,Padres,19,10,0.655,9,6,4,35,West,,
4/29/2026,D-backs,15,13,0.536,-16,5,5,35,West,,
4/29/2026,Giants,13,16,0.448,-24,6,4,35,West,,
4/29/2026,Rockies,13,17,0.433,-16,6,4,35,West,,
5/4/2026,Braves,25,10,0.714,81,8,2,40,East,,
5/4/2026,Marlins,16,18,0.471,-1,5,5,40,East,,
5/4/2026,Nationals,16,19,0.457,-17,5,5,40,East,,
5/4/2026,Phillies,14,20,0.412,-43,6,4,40,East,,
5/4/2026,Mets,12,22,0.353,-31,4,6,40,East,,
5/4/2026,Cubs,22,12,0.647,42,7,3,40,Central,,
5/4/2026,Cardinals,20,14,0.588,0,6,4,40,Central,,
5/4/2026,Reds,20,14,0.588,-22,4,6,40,Central,,
5/4/2026,Brewers,18,15,0.545,45,5,5,40,Central,,
5/4/2026,Pirates,19,16,0.543,31,5,5,40,Central,,
5/4/2026,Dodgers,21,13,0.618,63,5,5,40,West,,
5/4/2026,Padres,20,13,0.606,-1,4,6,40,West,,
5/4/2026,D-backs,16,17,0.485,-31,3,7,40,West,,
5/4/2026,Rockies,14,21,0.4,-22,4,6,40,West,,
5/4/2026,Giants,13,21,0.382,-34,2,8,40,West,,
5/5/2026,Braves,25,11,0.694,80,7,3,41,East,,
5/5/2026,Nationals,16,19,0.457,-17,5,5,41,East,,
5/5/2026,Marlins,16,19,0.457,-2,4,6,41,East,,
5/5/2026,Phillies,15,20,0.429,-42,7,3,41,East,,
5/5/2026,Mets,13,22,0.371,-29,4,6,41,East,,
5/5/2026,Cubs,23,12,0.657,43,7,3,41,Central,,
5/5/2026,Cardinals,21,14,0.6,3,7,3,41,Central,,
5/5/2026,Reds,20,15,0.571,-23,4,6,41,Central,,
5/5/2026,Pirates,19,16,0.543,31,5,5,41,Central,,
5/5/2026,Brewers,18,16,0.529,42,5,5,41,Central,,
5/5/2026,Dodgers,22,13,0.629,68,5,5,41,West,,
5/5/2026,Padres,20,14,0.588,-2,4,6,41,West,,
5/5/2026,D-backs,16,17,0.485,-31,3,7,41,West,,
5/5/2026,Giants,14,21,0.4,-33,3,7,41,West,,
5/5/2026,Rockies,14,22,0.389,-24,4,6,41,West,,
5/11/2026,Braves,28,13,0.683,87,6,4,47,East,,
5/11/2026,Phillies,19,22,0.463,-32,7,3,47,East,,
5/11/2026,Marlins,19,22,0.463,-3,4,6,47,East,,
5/11/2026,Nationals,19,22,0.463,-13,5,5,47,East,,
5/11/2026,Mets,15,25,0.375,-31,5,5,47,East,,
5/11/2026,Cubs,27,14,0.659,47,8,2,47,Central,,
5/11/2026,Brewers,22,16,0.579,54,7,3,47,Central,,
5/11/2026,Cardinals,23,17,0.575,3,6,4,47,Central,,
5/11/2026,Pirates,22,19,0.537,31,6,4,47,Central,,
5/11/2026,Reds,22,19,0.537,-33,2,8,47,Central,,
5/11/2026,Padres,24,16,0.6,3,5,5,47,West,,
5/11/2026,Dodgers,24,16,0.6,69,4,6,47,West,,
5/11/2026,D-backs,19,20,0.487,-22,3,7,47,West,,
5/11/2026,Giants,16,24,0.4,-48,3,7,47,West,,
5/11/2026,Rockies,16,25,0.39,-35,2,8,47,West,,
5/12/2026,Braves,28,13,0.683,87,6,4,48,East,,
5/12/2026,Phillies,19,22,0.463,-32,7,3,48,East,,
5/12/2026,Marlins,19,22,0.463,-3,4,6,48,East,,
5/12/2026,Nationals,19,22,0.463,-13,5,5,48,East,,
5/12/2026,Mets,15,25,0.375,-31,5,5,48,East,,
5/12/2026,Cubs,27,14,0.659,47,8,2,48,Central,,
5/12/2026,Brewers,22,16,0.579,54,7,3,48,Central,,
5/12/2026,Cardinals,23,17,0.575,3,6,4,48,Central,,
5/12/2026,Pirates,22,19,0.537,31,6,4,48,Central,,
5/12/2026,Reds,22,19,0.537,-33,2,8,48,Central,,
5/12/2026,Padres,24,16,0.6,3,5,5,48,West,,
5/12/2026,Dodgers,24,17,0.585,63,4,6,48,West,,
5/12/2026,D-backs,20,20,0.5,-21,4,6,48,West,,
5/12/2026,Giants,17,24,0.415,-42,4,6,48,West,,
5/12/2026,Rockies,16,25,0.39,-35,2,8,48,West,,
5/14/2026,Braves,30,13,0.698,93,7,3,50,East,,
5/14/2026,Nationals,21,22,0.488,-6,6,4,50,East,,
5/14/2026,Phillies,20,23,0.465,-33,7,3,50,East,,
5/14/2026,Marlins,20,23,0.465,-2,4,6,50,East,,
5/14/2026,Mets,17,25,0.405,-22,6,4,50,East,,
5/14/2026,Cubs,27,16,0.628,41,6,4,50,Central,,
5/14/2026,Brewers,23,17,0.575,54,7,3,50,Central,,
5/14/2026,Cardinals,24,18,0.571,1,5,5,50,Central,,
5/14/2026,Pirates,23,20,0.535,27,6,4,50,Central,,
5/14/2026,Reds,22,21,0.512,-40,2,8,50,Central,,
5/14/2026,Padres,25,17,0.595,3,6,4,50,West,,
5/14/2026,Dodgers,25,18,0.581,63,5,5,50,West,,
5/14/2026,D-backs,20,22,0.476,-25,4,6,50,West,,
5/14/2026,Giants,18,25,0.419,-42,5,5,50,West,,
5/14/2026,Rockies,17,26,0.395,-31,3,7,50,West,,
5/18/2026,Braves,32,15,0.681,98,6,4,54,East,,
5/18/2026,Phillies,24,23,0.511,-17,7,3,54,East,,
5/18/2026,Nationals,23,24,0.489,-13,6,4,54,East,,
5/18/2026,Marlins,21,26,0.447,-13,5,5,54,East,,
5/18/2026,Mets,20,26,0.435,-16,6,4,54,East,,
5/18/2026,Cubs,29,18,0.617,42,4,6,54,Central,,
5/18/2026,Brewers,26,18,0.591,61,8,2,54,Central,,
5/18/2026,Cardinals,27,19,0.587,3,6,4,54,Central,,
5/18/2026,Pirates,24,23,0.511,18,4,6,54,Central,,
5/18/2026,Reds,24,23,0.511,-35,4,6,54,Central,,
5/18/2026,Dodgers,29,18,0.617,94,6,4,54,West,,
5/18/2026,Padres,28,18,0.609,7,6,4,54,West,,
5/18/2026,D-backs,22,23,0.489,-17,5,5,54,West,,
5/18/2026,Giants,20,27,0.426,-37,6,4,54,West,,
5/18/2026,Rockies,18,29,0.383,-44,4,6,54,West,,
5/19/2026,Braves,32,16,0.667,86,6,4,55,East,,
5/19/2026,Phillies,25,23,0.521,-16,8,2,55,East,,
5/19/2026,Nationals,23,25,0.479,-22,5,5,55,East,,
5/19/2026,Marlins,22,26,0.458,-1,5,5,55,East,,
5/19/2026,Mets,21,26,0.447,-7,7,3,55,East,,
5/19/2026,Cubs,29,19,0.604,36,3,7,55,Central,,
5/19/2026,Brewers,27,18,0.6,67,8,2,55,Central,,
5/19/2026,Cardinals,27,19,0.587,3,6,4,55,Central,,
5/19/2026,Pirates,24,23,0.511,18,4,6,55,Central,,
5/19/2026,Reds,24,24,0.5,-36,4,6,55,Central,,
5/19/2026,Padres,29,18,0.617,8,7,3,55,West,,
5/19/2026,Dodgers,29,19,0.604,93,5,5,55,West,,
5/19/2026,D-backs,23,23,0.5,-7,6,4,55,West,,
5/19/2026,Giants,20,28,0.417,-47,5,5,55,West,,
5/19/2026,Rockies,19,29,0.396,-43,4,6,55,West,,
5/20/2026,Braves,33,16,0.673,90,7,3,56,East,,
5/20/2026,Phillies,25,24,0.51,-19,8,2,56,East,,
5/20/2026,Nationals,24,25,0.49,-19,5,5,56,East,,
5/20/2026,Marlins,22,27,0.449,-5,5,5,56,East,,
5/20/2026,Mets,21,27,0.438,-10,6,4,56,East,,
5/20/2026,Brewers,28,18,0.609,70,8,2,56,Central,,
5/20/2026,Cardinals,28,19,0.596,6,6,4,56,Central,,
5/20/2026,Cubs,29,20,0.592,33,2,8,56,Central,,
5/20/2026,Reds,25,24,0.51,-33,5,5,56,Central,,
5/20/2026,Pirates,24,24,0.5,15,3,7,56,Central,,
5/20/2026,Dodgers,30,19,0.612,94,6,4,56,West,,
5/20/2026,Padres,29,19,0.604,7,7,3,56,West,,
5/20/2026,D-backs,24,23,0.511,-5,7,3,56,West,,
5/20/2026,Giants,20,29,0.408,-49,5,5,56,West,,
5/20/2026,Rockies,19,30,0.388,-53,3,7,56,West,,
5/21/2026,Braves,34,16,0.68,98,7,3,57,East,,
5/21/2026,Phillies,25,25,0.5,-24,7,3,57,East,,
5/21/2026,Nationals,25,25,0.5,-15,6,4,57,East,,
5/21/2026,Marlins,22,28,0.44,-13,4,6,57,East,,
5/21/2026,Mets,21,28,0.429,-14,6,4,57,East,,
5/21/2026,Brewers,29,18,0.617,75,8,2,57,Central,,
5/21/2026,Cardinals,28,20,0.583,-1,5,5,57,Central,,
5/21/2026,Cubs,29,21,0.58,28,2,8,57,Central,,
5/21/2026,Reds,26,24,0.52,-28,5,5,57,Central,,
5/21/2026,Pirates,25,24,0.51,22,4,6,57,Central,,
5/21/2026,Dodgers,31,19,0.62,98,7,3,57,West,,
5/21/2026,Padres,29,20,0.592,3,6,4,57,West,,
5/21/2026,D-backs,25,23,0.521,-2,7,3,57,West,,
5/21/2026,Giants,20,30,0.4,-52,4,6,57,West,,
5/21/2026,Rockies,19,31,0.38,-54,3,7,57,West,,
5/24/2026,Braves,36,17,0.679,103,6,4,60,East,,
5/24/2026,Phillies,26,26,0.5,-22,6,4,60,East,,
5/24/2026,Nationals,26,27,0.491,-15,5,5,60,East,,
5/24/2026,Marlins,24,29,0.453,-15,4,6,60,East,,
5/24/2026,Mets,22,30,0.423,-17,5,5,60,East,,
5/24/2026,Brewers,30,19,0.612,71,7,3,60,Central,,
5/24/2026,Cardinals,29,22,0.569,1,5,5,60,Central,,
5/24/2026,Cubs,29,23,0.558,23,2,8,60,Central,,
5/24/2026,Reds,27,25,0.519,-34,5,5,60,Central,,
5/24/2026,Pirates,26,26,0.5,19,3,7,60,Central,,
5/24/2026,Dodgers,32,20,0.615,102,8,2,60,West,,
5/24/2026,Padres,31,20,0.608,9,7,3,60,West,,
5/24/2026,D-backs,27,24,0.529,-1,7,3,60,West,,
5/24/2026,Giants,21,31,0.404,-50,3,7,60,West,,
5/24/2026,Rockies,20,33,0.377,-55,3,7,60,West,,
5/25/2026,Braves,36,18,0.667,102,6,4,61,East,,
5/25/2026,Nationals,27,27,0.5,-14,6,4,61,East,,
5/25/2026,Phillies,26,27,0.491,-24,6,4,61,East,,
5/25/2026,Marlins,25,29,0.463,-11,5,5,61,East,,
5/25/2026,Mets,22,31,0.415,-21,4,6,61,East,,
5/25/2026,Brewers,30,20,0.6,67,7,3,61,Central,,
5/25/2026,Cardinals,29,22,0.569,1,5,5,61,Central,,
5/25/2026,Cubs,29,24,0.547,20,2,8,61,Central,,
5/25/2026,Reds,27,25,0.519,-34,5,5,61,Central,,
5/25/2026,Pirates,27,26,0.509,22,4,6,61,Central,,
5/25/2026,Dodgers,33,20,0.623,106,8,2,61,West,,
5/25/2026,Padres,31,21,0.596,6,6,4,61,West,,
5/25/2026,D-backs,28,24,0.538,7,8,2,61,West,,
5/25/2026,Giants,22,31,0.415,-47,4,6,61,West,,
5/25/2026,Rockies,20,34,0.37,-63,3,7,61,West,,
5/26/2026,Braves,36,18,0.667,102,6,4,62,East,,
5/26/2026,Nationals,28,27,0.509,-6,6,4,62,East,,
5/26/2026,Phillies,27,27,0.5,-21,6,4,62,East,,
5/26/2026,Marlins,26,29,0.473,-5,6,4,62,East,,
5/26/2026,Mets,22,32,0.407,-26,4,6,62,East,,
5/26/2026,Brewers,31,20,0.608,71,7,3,62,Central,,
5/26/2026,Cardinals,29,23,0.558,-3,5,5,62,Central,,
5/26/2026,Cubs,29,25,0.537,19,1,9,62,Central,,
5/26/2026,Reds,28,25,0.528,-29,6,4,62,Central,,
5/26/2026,Pirates,28,26,0.519,23,4,6,62,Central,,
5/26/2026,Dodgers,34,20,0.63,108,8,2,62,West,,
5/26/2026,Padres,31,22,0.585,3,6,4,62,West,,
5/26/2026,D-backs,29,24,0.547,11,8,2,62,West,,
5/26/2026,Giants,22,32,0.407,-51,4,6,62,West,,
5/26/2026,Rockies,20,35,0.364,-65,3,7,62,West,,
4/30/2026,Braves,22,10,0.688,66,7,3,36,East,,
4/30/2026,Marlins,15,16,0.484,1,6,4,36,East,,
4/30/2026,Nationals,15,17,0.469,-10,5,5,36,East,,
4/30/2026,Phillies,12,19,0.387,-45,4,6,36,East,,
4/30/2026,Mets,10,21,0.323,-35,3,7,36,East,,
4/30/2026,Reds,20,11,0.645,-3,7,3,36,Central,,
4/30/2026,Cubs,19,12,0.613,35,7,3,36,Central,,
4/30/2026,Cardinals,18,13,0.581,-3,5,5,36,Central,,
4/30/2026,Brewers,16,14,0.533,38,4,6,36,Central,,
4/30/2026,Pirates,16,16,0.5,12,3,7,36,Central,,
4/30/2026,Dodgers,20,11,0.645,66,5,5,36,West,,
4/30/2026,Padres,19,11,0.633,8,6,4,36,West,,
4/30/2026,D-backs,16,14,0.533,-24,4,6,36,West,,
4/30/2026,Rockies,14,18,0.438,-7,5,5,36,West,,
4/30/2026,Giants,13,18,0.419,-26,4,6,36,West,,
5/1/2026,Braves,23,10,0.697,68,7,3,37,East,,
5/1/2026,Marlins,15,17,0.469,0,5,5,37,East,,
5/1/2026,Nationals,15,18,0.455,-15,5,5,37,East,,
5/1/2026,Phillies,13,19,0.406,-44,5,5,37,East,,
5/1/2026,Mets,11,21,0.344,-34,4,6,37,East,,
5/1/2026,Cubs,20,12,0.625,36,7,3,37,Central,,
5/1/2026,Reds,20,12,0.625,-11,6,4,37,Central,,
5/1/2026,Cardinals,19,13,0.594,2,6,4,37,Central,,
5/1/2026,Brewers,17,14,0.548,43,5,5,37,Central,,
5/1/2026,Pirates,17,16,0.515,20,4,6,37,Central,,
5/1/2026,Dodgers,20,12,0.625,61,4,6,37,West,,
5/1/2026,Padres,19,12,0.613,2,5,5,37,West,,
5/1/2026,D-backs,16,15,0.516,-25,3,7,37,West,,
5/1/2026,Rockies,14,19,0.424,-9,5,5,37,West,,
5/1/2026,Giants,13,19,0.406,-29,4,6,37,West,,
5/2/2026,Braves,24,10,0.706,76,8,2,38,East,,
5/2/2026,Marlins,16,17,0.485,4,5,5,38,East,,
5/2/2026,Nationals,15,19,0.441,-18,4,6,38,East,,
5/2/2026,Phillies,13,20,0.394,-48,5,5,38,East,,
5/2/2026,Mets,11,22,0.333,-35,4,6,38,East,,
5/2/2026,Cubs,21,12,0.636,38,7,3,38,Central,,
5/2/2026,Cardinals,20,13,0.606,3,6,4,38,Central,,
5/2/2026,Reds,20,13,0.606,-21,5,5,38,Central,,
5/2/2026,Brewers,18,14,0.563,46,5,5,38,Central,,
5/2/2026,Pirates,18,16,0.529,30,4,6,38,Central,,
5/2/2026,Dodgers,20,13,0.606,60,4,6,38,West,,
5/2/2026,Padres,19,13,0.594,-2,4,6,38,West,,
5/2/2026,D-backs,16,16,0.5,-27,3,7,38,West,,
5/2/2026,Rockies,14,20,0.412,-17,5,5,38,West,,
5/2/2026,Giants,13,20,0.394,-33,3,7,38,West,,
5/3/2026,Braves,25,10,0.714,81,8,2,39,East,,
5/3/2026,Marlins,16,18,0.471,-1,5,5,39,East,,
5/3/2026,Nationals,16,19,0.457,-17,5,5,39,East,,
5/3/2026,Phillies,14,20,0.412,-43,6,4,39,East,,
5/3/2026,Mets,12,22,0.353,-31,4,6,39,East,,
5/3/2026,Cubs,22,12,0.647,42,7,3,39,Central,,
5/3/2026,Cardinals,20,14,0.588,0,6,4,39,Central,,
5/3/2026,Reds,20,14,0.588,-22,4,6,39,Central,,
5/3/2026,Brewers,18,15,0.545,45,5,5,39,Central,,
5/3/2026,Pirates,19,16,0.543,31,5,5,39,Central,,
5/3/2026,Dodgers,21,13,0.618,63,5,5,39,West,,
5/3/2026,Padres,20,13,0.606,-1,4,6,39,West,,
5/3/2026,D-backs,16,17,0.485,-31,3,7,39,West,,
5/3/2026,Rockies,14,21,0.4,-22,4,6,39,West,,
5/3/2026,Giants,13,21,0.382,-34,2,8,39,West,,
5/6/2026,Braves,26,12,0.684,79,7,3,42,East,,
5/6/2026,Phillies,17,20,0.459,-31,8,2,42,East,,
5/6/2026,Nationals,17,20,0.459,-12,6,4,42,East,,
5/6/2026,Marlins,16,21,0.432,-7,3,7,42,East,,
5/6/2026,Mets,14,22,0.389,-24,5,5,42,East,,
5/6/2026,Cubs,25,12,0.676,45,8,2,42,Central,,
5/6/2026,Cardinals,21,15,0.583,-1,7,3,42,Central,,
5/6/2026,Brewers,19,16,0.543,46,6,4,42,Central,,
5/6/2026,Pirates,20,17,0.541,23,4,6,42,Central,,
5/6/2026,Reds,20,17,0.541,-25,2,8,42,Central,,
5/6/2026,Dodgers,23,14,0.622,77,5,5,42,West,,
5/6/2026,Padres,22,14,0.611,7,4,6,42,West,,
5/6/2026,D-backs,17,18,0.486,-23,3,7,42,West,,
5/6/2026,Giants,14,23,0.378,-42,2,8,42,West,,
5/6/2026,Rockies,14,23,0.378,-29,3,7,42,West,,
5/7/2026,Braves,26,12,0.684,79,7,3,43,East,,
5/7/2026,Nationals,18,20,0.474,-10,6,4,43,East,,
5/7/2026,Phillies,17,21,0.447,-42,8,2,43,East,,
5/7/2026,Marlins,17,21,0.447,-6,4,6,43,East,,
5/7/2026,Mets,14,23,0.378,-28,5,5,43,East,,
5/7/2026,Cubs,26,12,0.684,50,9,1,43,Central,,
5/7/2026,Cardinals,22,15,0.595,0,8,2,43,Central,,
5/7/2026,Pirates,21,17,0.553,25,5,5,43,Central,,
5/7/2026,Brewers,19,16,0.543,46,6,4,43,Central,,
5/7/2026,Reds,20,18,0.526,-30,2,8,43,Central,,
5/7/2026,Dodgers,23,14,0.622,77,5,5,43,West,,
5/7/2026,Padres,22,15,0.595,6,4,6,43,West,,
5/7/2026,D-backs,17,19,0.472,-25,3,7,43,West,,
5/7/2026,Rockies,15,23,0.395,-25,3,7,43,West,,
5/7/2026,Giants,14,23,0.378,-42,2,8,43,West,,
5/8/2026,Braves,26,13,0.667,77,6,4,44,East,,
5/8/2026,Nationals,19,20,0.487,-9,6,4,44,East,,
5/8/2026,Phillies,17,22,0.436,-44,7,3,44,East,,
5/8/2026,Marlins,17,22,0.436,-7,4,6,44,East,,
5/8/2026,Mets,15,23,0.395,-26,6,4,44,East,,
5/8/2026,Cubs,27,12,0.692,56,10,0,44,Central,,
5/8/2026,Cardinals,23,15,0.605,6,8,2,44,Central,,
5/8/2026,Brewers,20,16,0.556,52,7,3,44,Central,,
5/8/2026,Pirates,21,18,0.538,22,5,5,44,Central,,
5/8/2026,Reds,20,19,0.513,-40,1,9,44,Central,,
5/8/2026,Dodgers,24,14,0.632,79,5,5,44,West,,
5/8/2026,Padres,22,16,0.579,0,3,7,44,West,,
5/8/2026,D-backs,17,20,0.459,-27,2,8,44,West,,
5/8/2026,Rockies,16,23,0.41,-23,3,7,44,West,,
5/8/2026,Giants,15,23,0.395,-39,2,8,44,West,,
5/9/2026,Braves,27,13,0.675,82,6,4,45,East,,
5/9/2026,Nationals,19,21,0.475,-10,6,4,45,East,,
5/9/2026,Phillies,18,22,0.45,-38,7,3,45,East,,
5/9/2026,Marlins,18,22,0.45,-6,4,6,45,East,,
5/9/2026,Mets,15,24,0.385,-27,5,5,45,East,,
5/9/2026,Cubs,27,13,0.675,50,9,1,45,Central,,
5/9/2026,Cardinals,23,16,0.59,4,7,3,45,Central,,
5/9/2026,Brewers,21,16,0.568,53,7,3,45,Central,,
5/9/2026,Pirates,22,18,0.55,32,6,4,45,Central,,
5/9/2026,Reds,21,19,0.525,-38,2,8,45,Central,,
5/9/2026,Dodgers,24,15,0.615,74,4,6,45,West,,
5/9/2026,Padres,23,16,0.59,2,4,6,45,West,,
5/9/2026,D-backs,18,20,0.474,-26,3,7,45,West,,
5/9/2026,Rockies,16,24,0.4,-29,3,7,45,West,,
5/9/2026,Giants,15,24,0.385,-49,2,8,45,West,,
5/10/2026,Braves,28,13,0.683,87,6,4,46,East,,
5/10/2026,Phillies,19,22,0.463,-32,7,3,46,East,,
5/10/2026,Marlins,19,22,0.463,-3,4,6,46,East,,
5/10/2026,Nationals,19,22,0.463,-13,5,5,46,East,,
5/10/2026,Mets,15,25,0.375,-31,5,5,46,East,,
5/10/2026,Cubs,27,14,0.659,47,8,2,46,Central,,
5/10/2026,Brewers,22,16,0.579,54,7,3,46,Central,,
5/10/2026,Cardinals,23,17,0.575,3,6,4,46,Central,,
5/10/2026,Pirates,22,19,0.537,31,6,4,46,Central,,
5/10/2026,Reds,22,19,0.537,-33,2,8,46,Central,,
5/10/2026,Padres,24,16,0.6,3,5,5,46,West,,
5/10/2026,Dodgers,24,16,0.6,69,4,6,46,West,,
5/10/2026,D-backs,19,20,0.487,-22,3,7,46,West,,
5/10/2026,Giants,16,24,0.4,-48,3,7,46,West,,
5/10/2026,Rockies,16,25,0.39,-35,2,8,46,West,,
5/13/2026,Braves,30,13,0.698,93,7,3,49,East,,
5/13/2026,Nationals,21,22,0.488,-6,6,4,49,East,,
5/13/2026,Phillies,20,23,0.465,-33,7,3,49,East,,
5/13/2026,Marlins,20,23,0.465,-2,4,6,49,East,,
5/13/2026,Mets,17,25,0.405,-22,6,4,49,East,,
5/13/2026,Cubs,27,16,0.628,41,6,4,49,Central,,
5/13/2026,Brewers,23,17,0.575,54,7,3,49,Central,,
5/13/2026,Cardinals,24,18,0.571,1,5,5,49,Central,,
5/13/2026,Pirates,23,20,0.535,27,6,4,49,Central,,
5/13/2026,Reds,22,21,0.512,-40,2,8,49,Central,,
5/13/2026,Padres,25,17,0.595,3,6,4,49,West,,
5/13/2026,Dodgers,25,18,0.581,63,5,5,49,West,,
5/13/2026,D-backs,20,22,0.476,-25,4,6,49,West,,
5/13/2026,Giants,18,25,0.419,-42,5,5,49,West,,
5/13/2026,Rockies,17,26,0.395,-31,3,7,49,West,,
5/15/2026,Braves,31,14,0.689,92,6,4,51,East,,
5/15/2026,Phillies,22,23,0.489,-29,7,3,51,East,,
5/15/2026,Nationals,22,23,0.489,-19,6,4,51,East,,
5/15/2026,Marlins,20,25,0.444,-15,4,6,51,East,,
5/15/2026,Mets,18,26,0.409,-20,6,4,51,East,,
5/15/2026,Cubs,29,16,0.644,48,6,4,51,Central,,
5/15/2026,Brewers,25,17,0.595,61,7,3,51,Central,,
5/15/2026,Cardinals,26,18,0.591,3,6,4,51,Central,,
5/15/2026,Pirates,24,21,0.533,30,5,5,51,Central,,
5/15/2026,Reds,24,21,0.533,-25,4,6,51,Central,,
5/15/2026,Dodgers,27,18,0.6,72,5,5,51,West,,
5/15/2026,Padres,26,18,0.591,-1,6,4,51,West,,
5/15/2026,D-backs,21,22,0.488,-17,5,5,51,West,,
5/15/2026,Giants,18,27,0.4,-48,4,6,51,West,,
5/15/2026,Rockies,17,28,0.378,-44,3,7,51,West,,
5/16/2026,Braves,31,15,0.674,91,6,4,52,East,,
5/16/2026,Phillies,23,23,0.5,-23,7,3,52,East,,
5/16/2026,Nationals,23,23,0.5,-9,7,3,52,East,,
5/16/2026,Marlins,21,25,0.457,-10,5,5,52,East,,
5/16/2026,Mets,19,26,0.422,-17,6,4,52,East,,
5/16/2026,Cubs,29,17,0.63,43,5,5,52,Central,,
5/16/2026,Brewers,26,17,0.605,62,8,2,52,Central,,
5/16/2026,Cardinals,27,18,0.6,5,6,4,52,Central,,
5/16/2026,Pirates,24,22,0.522,24,5,5,52,Central,,
5/16/2026,Reds,24,22,0.522,-28,4,6,52,Central,,
5/16/2026,Dodgers,28,18,0.609,85,6,4,52,West,,
5/16/2026,Padres,27,18,0.6,2,6,4,52,West,,
5/16/2026,D-backs,21,23,0.477,-19,4,6,52,West,,
5/16/2026,Giants,19,27,0.413,-46,5,5,52,West,,
5/16/2026,Rockies,18,28,0.391,-42,4,6,52,West,,
5/17/2026,Braves,32,15,0.681,98,6,4,53,East,,
5/17/2026,Phillies,24,23,0.511,-17,7,3,53,East,,
5/17/2026,Nationals,23,24,0.489,-13,6,4,53,East,,
5/17/2026,Marlins,21,26,0.447,-13,5,5,53,East,,
5/17/2026,Mets,20,26,0.435,-16,6,4,53,East,,
5/17/2026,Cubs,29,18,0.617,42,4,6,53,Central,,
5/17/2026,Brewers,26,18,0.591,61,8,2,53,Central,,
5/17/2026,Cardinals,27,19,0.587,3,6,4,53,Central,,
5/17/2026,Pirates,24,23,0.511,18,4,6,53,Central,,
5/17/2026,Reds,24,23,0.511,-35,4,6,53,Central,,
5/17/2026,Dodgers,29,18,0.617,94,6,4,53,West,,
5/17/2026,Padres,28,18,0.609,7,6,4,53,West,,
5/17/2026,D-backs,22,23,0.489,-17,5,5,53,West,,
5/17/2026,Giants,20,27,0.426,-37,6,4,53,West,,
5/17/2026,Rockies,18,29,0.383,-44,4,6,53,West,,
5/22/2026,Braves,36,16,0.692,105,7,3,58,East,,
5/22/2026,Phillies,25,26,0.49,-25,6,4,58,East,,
5/22/2026,Nationals,25,27,0.481,-17,5,5,58,East,,
5/22/2026,Marlins,23,29,0.442,-18,4,6,58,East,,
5/22/2026,Mets,22,29,0.431,-14,6,4,58,East,,
5/22/2026,Brewers,30,18,0.625,79,8,2,58,Central,,
5/22/2026,Cardinals,28,21,0.571,-5,5,5,58,Central,,
5/22/2026,Cubs,29,22,0.569,26,2,8,58,Central,,
5/22/2026,Reds,26,24,0.52,-28,5,5,58,Central,,
5/22/2026,Pirates,26,25,0.51,22,4,6,58,Central,,
5/22/2026,Dodgers,31,20,0.608,94,7,3,58,West,,
5/22/2026,Padres,30,20,0.6,7,6,4,58,West,,
5/22/2026,D-backs,26,24,0.52,-2,6,4,58,West,,
5/22/2026,Giants,20,31,0.392,-57,3,7,58,West,,
5/22/2026,Rockies,20,32,0.385,-54,4,6,58,West,,
5/23/2026,Braves,36,17,0.679,103,6,4,59,East,,
5/23/2026,Phillies,26,26,0.5,-22,6,4,59,East,,
5/23/2026,Nationals,26,27,0.491,-15,5,5,59,East,,
5/23/2026,Marlins,24,29,0.453,-15,4,6,59,East,,
5/23/2026,Mets,22,30,0.423,-17,5,5,59,East,,
5/23/2026,Brewers,30,19,0.612,71,7,3,59,Central,,
5/23/2026,Cardinals,29,22,0.569,1,5,5,59,Central,,
5/23/2026,Cubs,29,23,0.558,23,2,8,59,Central,,
5/23/2026,Reds,27,25,0.519,-34,5,5,59,Central,,
5/23/2026,Pirates,26,26,0.5,19,3,7,59,Central,,
5/23/2026,Dodgers,32,20,0.615,102,8,2,59,West,,
5/23/2026,Padres,31,20,0.608,9,7,3,59,West,,
5/23/2026,D-backs,27,24,0.529,-1,7,3,59,West,,
5/23/2026,Giants,21,31,0.404,-50,3,7,59,West,,
5/23/2026,Rockies,20,33,0.377,-55,3,7,59,West,,
5/27/2026,Braves,37,18,0.673,103,6,4,63,East,,
5/27/2026,Phillies,28,27,0.509,-20,6,4,63,East,,
5/27/2026,Nationals,29,28,0.509,-4,6,4,63,East,,
5/27/2026,Marlins,26,31,0.456,-13,5,5,63,East,,
5/27/2026,Mets,22,33,0.4,-31,3,7,63,East,,
5/27/2026,Brewers,33,20,0.623,78,7,3,63,Central,,
5/27/2026,Cardinals,29,25,0.537,-10,3,7,63,Central,,
5/27/2026,Reds,29,25,0.537,-24,6,4,63,Central,,
5/27/2026,Pirates,29,26,0.527,34,5,5,63,Central,,
5/27/2026,Cubs,29,26,0.527,8,0,10,63,Central,,
5/27/2026,Dodgers,35,20,0.636,117,8,2,63,West,,
5/27/2026,Padres,31,23,0.574,2,5,5,63,West,,
5/27/2026,D-backs,30,24,0.556,13,9,1,63,West,,
5/27/2026,Giants,22,33,0.4,-53,4,6,63,West,,
5/27/2026,Rockies,20,36,0.357,-74,2,8,63,West,,
5/28/2026,Braves,37,19,0.661,95,6,4,64,East,,
5/28/2026,Phillies,29,27,0.518,-17,6,4,64,East,,
5/28/2026,Nationals,29,28,0.509,-4,6,4,64,East,,
5/28/2026,Marlins,26,31,0.456,-13,5,5,64,East,,
5/28/2026,Mets,23,33,0.411,-29,3,7,64,East,,
5/28/2026,Brewers,33,20,0.623,78,7,3,64,Central,,
5/28/2026,Cardinals,29,25,0.537,-10,3,7,64,Central,,
5/28/2026,Cubs,30,26,0.536,14,1,9,64,Central,,
5/28/2026,Reds,29,26,0.527,-26,5,5,64,Central,,
5/28/2026,Pirates,29,27,0.518,28,5,5,64,Central,,
5/28/2026,Dodgers,36,20,0.643,120,8,2,64,West,,
5/28/2026,D-backs,31,24,0.564,14,9,1,64,West,,
5/28/2026,Padres,31,24,0.564,-1,4,6,64,West,,
5/28/2026,Giants,22,34,0.393,-54,3,7,64,West,,
5/28/2026,Rockies,20,37,0.351,-77,2,8,64,West,,
5/29/2026,Braves,38,19,0.667,103,6,4,65,East,,
5/29/2026,Phillies,29,27,0.518,-17,6,4,65,East,,
5/29/2026,Nationals,29,28,0.509,-4,6,4,65,East,,
5/29/2026,Marlins,26,31,0.456,-13,5,5,65,East,,
5/29/2026,Mets,23,33,0.411,-29,3,7,65,East,,
5/29/2026,Brewers,33,20,0.623,78,7,3,65,Central,,
5/29/2026,Cubs,31,26,0.544,19,2,8,65,Central,,
5/29/2026,Cardinals,29,25,0.537,-10,3,7,65,Central,,
5/29/2026,Reds,29,26,0.527,-26,5,5,65,Central,,
5/29/2026,Pirates,29,28,0.509,23,5,5,65,Central,,
5/29/2026,Dodgers,36,20,0.643,120,8,2,65,West,,
5/29/2026,D-backs,31,24,0.564,14,9,1,65,West,,
5/29/2026,Padres,31,24,0.564,-1,4,6,65,West,,
5/29/2026,Giants,22,34,0.393,-54,3,7,65,West,,
5/29/2026,Rockies,20,37,0.351,-77,2,8,65,West,,
5/30/2026,Braves,39,19,0.672,108,7,3,66,East,,
5/30/2026,Phillies,29,28,0.509,-19,5,5,66,East,,
5/30/2026,Nationals,29,29,0.5,-6,6,4,66,East,,
5/30/2026,Marlins,26,32,0.448,-15,4,6,66,East,,
5/30/2026,Mets,24,33,0.421,-27,3,7,66,East,,
5/30/2026,Brewers,34,20,0.63,79,8,2,66,Central,,
5/30/2026,Cardinals,30,25,0.545,-9,3,7,66,Central,,
5/30/2026,Cubs,31,27,0.534,18,2,8,66,Central,,
5/30/2026,Reds,29,27,0.518,-31,5,5,66,Central,,
5/30/2026,Pirates,30,28,0.517,24,6,4,66,Central,,
5/30/2026,Dodgers,37,20,0.649,122,8,2,66,West,,
5/30/2026,Padres,32,24,0.571,1,4,6,66,West,,
5/30/2026,D-backs,31,25,0.554,13,8,2,66,West,,
5/30/2026,Giants,22,35,0.386,-56,2,8,66,West,,
5/30/2026,Rockies,21,37,0.362,-75,2,8,66,West,,
5/31/2026,Braves,40,19,0.678,111,7,3,67,East,,
5/31/2026,Phillies,30,28,0.517,-18,5,5,67,East,,
5/31/2026,Nationals,30,29,0.508,-1,6,4,67,East,,
5/31/2026,Marlins,26,33,0.441,-20,4,6,67,East,,
5/31/2026,Mets,25,33,0.431,-22,4,6,67,East,,
5/31/2026,Brewers,34,21,0.618,72,7,3,67,Central,,
5/31/2026,Cubs,32,27,0.542,23,3,7,67,Central,,
5/31/2026,Cardinals,30,26,0.536,-14,3,7,67,Central,,
5/31/2026,Pirates,31,28,0.525,25,6,4,67,Central,,
5/31/2026,Reds,29,28,0.509,-34,5,5,67,Central,,
5/31/2026,Dodgers,37,21,0.638,121,8,2,67,West,,
5/31/2026,Padres,32,25,0.561,-4,3,7,67,West,,
5/31/2026,D-backs,31,26,0.544,9,7,3,67,West,,
5/31/2026,Giants,22,36,0.379,-61,2,8,67,West,,
5/31/2026,Rockies,22,37,0.373,-70,3,7,67,West,,
6/1/2026,Braves,40,20,0.667,109,6,4,68,East,,
6/1/2026,Nationals,31,29,0.517,1,6,4,68,East,,
6/1/2026,Phillies,30,29,0.508,-26,5,5,68,East,,
6/1/2026,Mets,26,33,0.441,-13,5,5,68,East,,
6/1/2026,Marlins,26,34,0.433,-29,4,6,68,East,,
6/1/2026,Brewers,35,21,0.625,74,7,3,68,Central,,
6/1/2026,Cardinals,31,26,0.544,-10,3,7,68,Central,,
6/1/2026,Pirates,32,28,0.533,31,6,4,68,Central,,
6/1/2026,Cubs,32,28,0.533,19,3,7,68,Central,,
6/1/2026,Reds,30,28,0.517,-32,6,4,68,Central,,
6/1/2026,Dodgers,38,21,0.644,129,8,2,68,West,,
6/1/2026,Padres,32,26,0.552,-6,3,7,68,West,,
6/1/2026,D-backs,31,27,0.534,8,6,4,68,West,,
6/1/2026,Giants,23,36,0.39,-48,3,7,68,West,,
6/1/2026,Rockies,22,38,0.367,-83,3,7,68,West,,
6/2/2026,Braves,40,20,0.667,109,6,4,69,East,,
6/2/2026,Phillies,30,29,0.508,-26,5,5,69,East,,
6/2/2026,Nationals,31,30,0.508,-3,6,4,69,East,,
6/2/2026,Marlins,27,34,0.443,-25,5,5,69,East,,
6/2/2026,Mets,26,34,0.433,-14,4,6,69,East,,
6/2/2026,Brewers,36,21,0.632,88,7,3,69,Central,,
6/2/2026,Cardinals,31,27,0.534,-11,3,7,69,Central,,
6/2/2026,Pirates,32,28,0.533,31,6,4,69,Central,,
6/2/2026,Cubs,32,28,0.533,19,3,7,69,Central,,
6/2/2026,Reds,30,29,0.508,-39,5,5,69,Central,,
6/2/2026,Dodgers,38,22,0.633,126,7,3,69,West,,
6/2/2026,Padres,32,26,0.552,-6,3,7,69,West,,
6/2/2026,D-backs,32,27,0.542,11,6,4,69,West,,
6/2/2026,Giants,23,37,0.383,-62,3,7,69,West,,
6/2/2026,Rockies,23,38,0.377,-82,4,6,69,West,,
6/3/2026,Braves,41,20,0.672,110,6,4,70,East,,
6/3/2026,Phillies,31,29,0.517,-25,6,4,70,East,,
6/3/2026,Nationals,31,31,0.5,-7,6,4,70,East,,
6/3/2026,Marlins,28,34,0.452,-21,5,5,70,East,,
6/3/2026,Mets,26,35,0.426,-19,4,6,70,East,,
6/3/2026,Brewers,37,21,0.638,93,7,3,70,Central,,
6/3/2026,Pirates,33,28,0.541,35,7,3,70,Central,,
6/3/2026,Cardinals,31,28,0.525,-14,3,7,70,Central,,
6/3/2026,Cubs,32,29,0.525,18,3,7,70,Central,,
6/3/2026,Reds,31,29,0.517,-38,5,5,70,Central,,
6/3/2026,Dodgers,39,22,0.639,127,8,2,70,West,,
6/3/2026,Padres,32,27,0.542,-7,3,7,70,West,,
6/3/2026,D-backs,32,28,0.533,10,6,4,70,West,,
6/3/2026,Rockies,24,38,0.387,-76,4,6,70,West,,
6/3/2026,Giants,23,38,0.377,-67,3,7,70,West,,
6/4/2026,Braves,42,20,0.677,114,6,4,71,East,,
6/4/2026,Phillies,32,29,0.525,-24,7,3,71,East,,
6/4/2026,Nationals,31,32,0.492,-10,5,5,71,East,,
6/4/2026,Marlins,29,34,0.46,-18,5,5,71,East,,
6/4/2026,Mets,27,35,0.435,-13,5,5,71,East,,
6/4/2026,Brewers,37,22,0.627,92,7,3,71,Central,,
6/4/2026,Cardinals,32,28,0.533,-12,3,7,71,Central,,
6/4/2026,Pirates,33,29,0.532,33,7,3,71,Central,,
6/4/2026,Cubs,32,30,0.516,17,3,7,71,Central,,
6/4/2026,Reds,31,30,0.508,-41,5,5,71,Central,,
6/4/2026,Dodgers,40,22,0.645,134,8,2,71,West,,
6/4/2026,Padres,32,28,0.533,-8,2,8,71,West,,
6/4/2026,D-backs,32,29,0.525,3,5,5,71,West,,
6/4/2026,Giants,24,38,0.387,-66,3,7,71,West,,
6/4/2026,Rockies,24,39,0.381,-83,4,6,71,West,,
6/5/2026,Braves,42,21,0.667,109,6,4,72,East,,
6/5/2026,Phillies,33,29,0.532,-22,7,3,72,East,,
6/5/2026,Nationals,31,32,0.492,-10,5,5,72,East,,
6/5/2026,Marlins,29,34,0.46,-18,5,5,72,East,,
6/5/2026,Mets,27,35,0.435,-13,5,5,72,East,,
6/5/2026,Brewers,37,23,0.617,89,7,3,72,Central,,
6/5/2026,Pirates,34,29,0.54,37,7,3,72,Central,,
6/5/2026,Cardinals,32,28,0.533,-12,3,7,72,Central,,
6/5/2026,Cubs,33,30,0.524,18,4,6,72,Central,,
6/5/2026,Reds,31,30,0.508,-41,5,5,72,Central,,
6/5/2026,Dodgers,40,23,0.635,133,7,3,72,West,,
6/5/2026,D-backs,33,29,0.532,4,5,5,72,West,,
6/5/2026,Padres,32,29,0.525,-10,1,9,72,West,,
6/5/2026,Giants,25,38,0.397,-63,3,7,72,West,,
6/5/2026,Rockies,24,39,0.381,-83,4,6,72,West,,
6/6/2026,Braves,43,21,0.672,112,7,3,73,East,,
6/6/2026,Phillies,34,29,0.54,-20,8,2,73,East,,
6/6/2026,Nationals,32,32,0.5,3,5,5,73,East,,
6/6/2026,Marlins,29,35,0.453,-24,4,6,73,East,,
6/6/2026,Mets,28,35,0.444,-8,6,4,73,East,,
6/6/2026,Brewers,38,23,0.623,91,7,3,73,Central,,
6/6/2026,Cardinals,33,28,0.541,-5,4,6,73,Central,,
6/6/2026,Pirates,34,30,0.531,34,6,4,73,Central,,
6/6/2026,Cubs,33,31,0.516,3,4,6,73,Central,,
6/6/2026,Reds,31,31,0.5,-48,4,6,73,Central,,
6/6/2026,Dodgers,41,23,0.641,134,7,3,73,West,,
6/6/2026,D-backs,33,30,0.524,-9,4,6,73,West,,
6/6/2026,Padres,32,30,0.516,-15,1,9,73,West,,
6/6/2026,Giants,26,38,0.406,-48,4,6,73,West,,
6/6/2026,Rockies,24,40,0.375,-85,4,6,73,West,,
6/7/2026,Braves,44,21,0.677,115,7,3,74,East,,
6/7/2026,Phillies,34,30,0.531,-23,7,3,74,East,,
6/7/2026,Nationals,33,32,0.508,8,5,5,74,East,,
6/7/2026,Marlins,30,35,0.462,-23,4,6,74,East,,
6/7/2026,Mets,28,36,0.438,-9,6,4,74,East,,
6/7/2026,Brewers,39,23,0.629,97,7,3,74,Central,,
6/7/2026,Cardinals,34,28,0.548,-4,5,5,74,Central,,
6/7/2026,Pirates,34,31,0.523,31,5,5,74,Central,,
6/7/2026,Cubs,34,31,0.523,4,5,5,74,Central,,
6/7/2026,Reds,31,32,0.492,-49,3,7,74,Central,,
6/7/2026,Dodgers,42,23,0.646,141,7,3,74,West,,
6/7/2026,Padres,33,30,0.524,-14,2,8,74,West,,
6/7/2026,D-backs,33,31,0.516,-14,3,7,74,West,,
6/7/2026,Giants,26,39,0.4,-49,4,6,74,West,,
6/7/2026,Rockies,24,41,0.369,-91,4,6,74,West,,
6/8/2026,Braves,45,21,0.682,116,8,2,75,East,,
6/8/2026,Phillies,35,30,0.538,-19,7,3,75,East,,
6/8/2026,Nationals,33,33,0.5,4,4,6,75,East,,
6/8/2026,Marlins,31,35,0.47,-20,5,5,75,East,,
6/8/2026,Mets,29,36,0.446,-5,7,3,75,East,,
6/8/2026,Brewers,40,23,0.635,105,7,3,75,Central,,
6/8/2026,Cardinals,35,28,0.556,-2,6,4,75,Central,,
6/8/2026,Pirates,34,32,0.515,30,5,5,75,Central,,
6/8/2026,Cubs,34,32,0.515,3,4,6,75,Central,,
6/8/2026,Reds,31,33,0.484,-51,2,8,75,Central,,
6/8/2026,Dodgers,42,24,0.636,133,6,4,75,West,,
6/8/2026,D-backs,34,31,0.523,-10,3,7,75,West,,
6/8/2026,Padres,33,31,0.516,-18,2,8,75,West,,
6/8/2026,Giants,27,39,0.409,-48,5,5,75,West,,
6/8/2026,Rockies,24,42,0.364,-99,4,6,75,West,,
6/9/2026,Braves,45,21,0.682,116,8,2,76,East,,
6/9/2026,Phillies,36,30,0.545,-16,7,3,76,East,,
6/9/2026,Nationals,34,33,0.507,5,5,5,76,East,,
6/9/2026,Marlins,31,35,0.47,-20,5,5,76,East,,
6/9/2026,Mets,29,36,0.446,-5,7,3,76,East,,
6/9/2026,Brewers,41,23,0.641,106,7,3,76,Central,,
6/9/2026,Cardinals,35,28,0.556,-2,6,4,76,Central,,
6/9/2026,Pirates,34,32,0.515,30,5,5,76,Central,,
6/9/2026,Cubs,34,32,0.515,3,4,6,76,Central,,
6/9/2026,Reds,31,34,0.477,-55,2,8,76,Central,,
6/9/2026,Dodgers,42,24,0.636,133,6,4,76,West,,
6/9/2026,D-backs,34,31,0.523,-10,3,7,76,West,,
6/9/2026,Padres,34,31,0.523,-14,3,7,76,West,,
6/9/2026,Giants,27,40,0.403,-49,5,5,76,West,,
6/9/2026,Rockies,24,42,0.364,-99,4,6,76,West,,
6/10/2026,Braves,45,22,0.672,115,7,3,77,East,,
6/10/2026,Phillies,36,31,0.537,-17,7,3,77,East,,
6/10/2026,Nationals,35,33,0.515,8,6,4,77,East,,
6/10/2026,Marlins,32,35,0.478,-16,6,4,77,East,,
6/10/2026,Mets,29,37,0.439,-12,6,4,77,East,,
6/10/2026,Brewers,41,24,0.631,104,7,3,77,Central,,
6/10/2026,Cardinals,36,28,0.563,5,7,3,77,Central,,
6/10/2026,Pirates,34,33,0.507,21,5,5,77,Central,,
6/10/2026,Cubs,34,33,0.507,-1,3,7,77,Central,,
6/10/2026,Reds,32,34,0.485,-53,3,7,77,Central,,
6/10/2026,Dodgers,43,24,0.642,142,6,4,77,West,,
6/10/2026,D-backs,34,32,0.515,-14,3,7,77,West,,
6/10/2026,Padres,34,32,0.515,-16,2,8,77,West,,
6/10/2026,Giants,27,41,0.397,-52,5,5,77,West,,
6/10/2026,Rockies,25,42,0.373,-95,5,5,77,West,,
6/11/2026,Braves,45,23,0.662,114,6,4,78,East,,
6/11/2026,Phillies,37,31,0.544,-14,7,3,78,East,,
6/11/2026,Nationals,35,34,0.507,7,5,5,78,East,,
6/11/2026,Marlins,33,35,0.485,-8,7,3,78,East,,
6/11/2026,Mets,29,38,0.433,-19,5,5,78,East,,
6/11/2026,Brewers,41,25,0.621,103,6,4,78,Central,,
6/11/2026,Cardinals,37,28,0.569,12,7,3,78,Central,,
6/11/2026,Pirates,35,33,0.515,22,5,5,78,Central,,
6/11/2026,Cubs,34,34,0.5,-2,3,7,78,Central,,
6/11/2026,Reds,32,35,0.478,-54,3,7,78,Central,,
6/11/2026,Dodgers,43,25,0.632,141,6,4,78,West,,
6/11/2026,Padres,35,32,0.522,-15,3,7,78,West,,
6/11/2026,D-backs,34,33,0.507,-22,3,7,78,West,,
6/11/2026,Giants,28,41,0.406,-51,5,5,78,West,,
6/11/2026,Rockies,26,42,0.382,-94,5,5,78,West,,
6/12/2026,Braves,45,23,0.662,114,6,4,79,East,,
6/12/2026,Phillies,37,31,0.544,-14,7,3,79,East,,
6/12/2026,Nationals,35,34,0.507,7,5,5,79,East,,
6/12/2026,Marlins,34,35,0.493,-6,8,2,79,East,,
6/12/2026,Mets,30,38,0.441,-18,5,5,79,East,,
6/12/2026,Brewers,41,25,0.621,103,6,4,79,Central,,
6/12/2026,Cardinals,37,29,0.561,11,7,3,79,Central,,
6/12/2026,Pirates,35,34,0.507,20,4,6,79,Central,,
6/12/2026,Cubs,35,34,0.507,4,3,7,79,Central,,
6/12/2026,Reds,32,35,0.478,-54,3,7,79,Central,,
6/12/2026,Dodgers,44,25,0.638,143,6,4,79,West,,
6/12/2026,Padres,35,32,0.522,-15,3,7,79,West,,
6/12/2026,D-backs,34,34,0.5,-24,3,7,79,West,,
6/12/2026,Giants,28,41,0.406,-51,5,5,79,West,,
6/12/2026,Rockies,26,43,0.377,-100,4,6,79,West,,
6/13/2026,Braves,45,24,0.652,112,5,5,80,East,,
6/13/2026,Phillies,37,32,0.536,-20,7,3,80,East,,
6/13/2026,Marlins,35,35,0.5,-1,9,1,80,East,,
6/13/2026,Nationals,35,35,0.5,-1,4,6,80,East,,
6/13/2026,Mets,31,38,0.449,-16,5,5,80,East,,
6/13/2026,Brewers,42,25,0.627,109,6,4,80,Central,,
6/13/2026,Cardinals,37,30,0.552,10,6,4,80,Central,,
6/13/2026,Cubs,36,34,0.514,8,4,6,80,Central,,
6/13/2026,Pirates,35,35,0.5,15,3,7,80,Central,,
6/13/2026,Reds,32,36,0.471,-57,2,8,80,Central,,
6/13/2026,Dodgers,44,26,0.629,137,6,4,80,West,,
6/13/2026,Padres,35,33,0.515,-19,3,7,80,West,,
6/13/2026,D-backs,35,34,0.507,-21,3,7,80,West,,
6/13/2026,Giants,28,42,0.4,-55,5,5,80,West,,
6/13/2026,Rockies,26,44,0.371,-102,4,6,80,West,,
6/14/2026,Braves,46,24,0.657,114,6,4,81,East,,
6/14/2026,Phillies,38,32,0.543,-19,7,3,81,East,,
6/14/2026,Nationals,36,35,0.507,4,5,5,81,East,,
6/14/2026,Marlins,35,36,0.493,-2,8,2,81,East,,
6/14/2026,Mets,31,39,0.443,-18,5,5,81,East,,
6/14/2026,Brewers,42,26,0.618,108,5,5,81,Central,,
6/14/2026,Cardinals,38,30,0.559,13,7,3,81,Central,,
6/14/2026,Cubs,37,34,0.521,13,5,5,81,Central,,
6/14/2026,Pirates,36,35,0.507,16,3,7,81,Central,,
6/14/2026,Reds,33,36,0.478,-56,3,7,81,Central,,
6/14/2026,Dodgers,45,26,0.634,143,6,4,81,West,,
6/14/2026,Padres,36,33,0.522,-13,4,6,81,West,,
6/14/2026,D-backs,35,35,0.5,-22,3,7,81,West,,
6/14/2026,Giants,28,43,0.394,-60,5,5,81,West,,
6/14/2026,Rockies,26,45,0.366,-104,3,7,81,West,,
6/15/2026,Braves,46,25,0.648,107,5,5,82,East,,
6/15/2026,Phillies,38,33,0.535,-23,6,4,82,East,,
6/15/2026,Nationals,37,35,0.514,13,6,4,82,East,,
6/15/2026,Marlins,36,36,0.5,0,8,2,82,East,,
6/15/2026,Mets,32,39,0.451,-11,6,4,82,East,,
6/15/2026,Brewers,43,26,0.623,112,6,4,82,Central,,
6/15/2026,Cardinals,38,31,0.551,12,7,3,82,Central,,
6/15/2026,Cubs,37,35,0.514,9,5,5,82,Central,,
6/15/2026,Pirates,36,36,0.5,14,3,7,82,Central,,
6/15/2026,Reds,33,37,0.471,-58,2,8,82,Central,,
6/15/2026,Dodgers,45,27,0.625,141,5,5,82,West,,
6/15/2026,Padres,37,33,0.529,-10,5,5,82,West,,
6/15/2026,D-backs,36,35,0.507,-20,4,6,82,West,,
6/15/2026,Giants,29,43,0.403,-56,5,5,82,West,,
6/15/2026,Rockies,27,45,0.375,-90,3,7,82,West,,
6/16/2026,Braves,46,25,0.648,107,5,5,83,East,,
6/16/2026,Phillies,39,33,0.542,-16,6,4,83,East,,
6/16/2026,Nationals,38,35,0.521,17,7,3,83,East,,
6/16/2026,Marlins,36,37,0.493,-7,7,3,83,East,,
6/16/2026,Mets,32,40,0.444,-23,5,5,83,East,,
6/16/2026,Brewers,43,26,0.623,112,6,4,83,Central,,
6/16/2026,Cardinals,39,31,0.557,15,7,3,83,Central,,
6/16/2026,Cubs,38,35,0.521,10,5,5,83,Central,,
6/16/2026,Pirates,36,37,0.493,5,2,8,83,Central,,
6/16/2026,Reds,34,37,0.479,-46,3,7,83,Central,,
6/16/2026,Dodgers,46,27,0.63,142,6,4,83,West,,
6/16/2026,Padres,37,34,0.521,-13,5,5,83,West,,
6/16/2026,D-backs,37,35,0.514,-19,4,6,83,West,,
6/16/2026,Giants,29,43,0.403,-56,5,5,83,West,,
6/16/2026,Rockies,27,46,0.37,-91,3,7,83,West,,
6/17/2026,Braves,46,25,0.648,107,5,5,84,East,,
6/17/2026,Phillies,40,33,0.548,-10,6,4,84,East,,
6/17/2026,Nationals,39,35,0.527,19,7,3,84,East,,
6/17/2026,Marlins,36,38,0.486,-13,7,3,84,East,,
6/17/2026,Mets,32,41,0.438,-25,4,6,84,East,,
6/17/2026,Brewers,44,26,0.629,113,7,3,84,Central,,
6/17/2026,Cardinals,40,31,0.563,16,7,3,84,Central,,
6/17/2026,Cubs,38,36,0.514,7,5,5,84,Central,,
6/17/2026,Pirates,37,37,0.5,6,3,7,84,Central,,
6/17/2026,Reds,35,37,0.486,-44,4,6,84,Central,,
6/17/2026,Dodgers,47,27,0.635,143,6,4,84,West,,
6/17/2026,Padres,37,35,0.514,-14,5,5,84,West,,
6/17/2026,D-backs,37,36,0.507,-26,4,6,84,West,,
6/17/2026,Giants,29,43,0.403,-56,5,5,84,West,,
6/17/2026,Rockies,28,46,0.378,-88,4,6,84,West,,
6/18/2026,Braves,46,27,0.63,100,4,6,85,East,,
6/18/2026,Phillies,40,34,0.541,-18,6,4,85,East,,
6/18/2026,Nationals,39,36,0.52,15,6,4,85,East,,
6/18/2026,Marlins,37,38,0.493,-5,7,3,85,East,,
6/18/2026,Mets,33,41,0.446,-17,5,5,85,East,,
6/18/2026,Brewers,45,26,0.634,118,7,3,85,Central,,
6/18/2026,Cardinals,40,32,0.556,11,6,4,85,Central,,
6/18/2026,Cubs,39,36,0.52,9,5,5,85,Central,,
6/18/2026,Pirates,38,37,0.507,14,4,6,85,Central,,
6/18/2026,Reds,35,38,0.479,-52,4,6,85,Central,,
6/18/2026,Dodgers,48,27,0.64,144,6,4,85,West,,
6/18/2026,Padres,38,35,0.521,-9,5,5,85,West,,
6/18/2026,D-backs,38,36,0.514,-19,5,5,85,West,,
6/18/2026,Giants,31,43,0.419,-49,5,5,85,West,,
6/18/2026,Rockies,28,47,0.373,-90,4,6,85,West,,
6/19/2026,Braves,47,27,0.635,101,4,6,86,East,,
6/19/2026,Phillies,40,35,0.533,-20,5,5,86,East,,
6/19/2026,Nationals,39,37,0.513,12,6,4,86,East,,
6/19/2026,Marlins,38,38,0.5,-4,7,3,86,East,,
6/19/2026,Mets,34,41,0.453,-15,5,5,86,East,,
6/19/2026,Brewers,45,28,0.616,115,5,5,86,Central,,
6/19/2026,Cardinals,40,34,0.541,2,4,6,86,Central,,
6/19/2026,Cubs,40,36,0.526,23,6,4,86,Central,,
6/19/2026,Pirates,38,38,0.5,13,4,6,86,Central,,
6/19/2026,Reds,35,39,0.473,-57,4,6,86,Central,,
6/19/2026,Dodgers,49,27,0.645,145,7,3,86,West,,
6/19/2026,D-backs,39,36,0.52,-15,5,5,86,West,,
6/19/2026,Padres,38,36,0.514,-11,5,5,86,West,,
6/19/2026,Giants,31,44,0.413,-50,5,5,86,West,,
6/19/2026,Rockies,29,47,0.382,-89,5,5,86,West,,
6/20/2026,Braves,47,27,0.635,101,4,6,87,East,,
6/20/2026,Phillies,40,35,0.533,-20,5,5,87,East,,
6/20/2026,Nationals,39,37,0.513,12,6,4,87,East,,
6/20/2026,Marlins,38,38,0.5,-4,7,3,87,East,,
6/20/2026,Mets,34,41,0.453,-15,5,5,87,East,,
6/20/2026,Brewers,45,28,0.616,115,5,5,87,Central,,
6/20/2026,Cardinals,40,34,0.541,2,4,6,87,Central,,
6/20/2026,Cubs,40,36,0.526,23,6,4,87,Central,,
6/20/2026,Pirates,38,38,0.5,13,4,6,87,Central,,
6/20/2026,Reds,35,39,0.473,-57,4,6,87,Central,,
6/20/2026,Dodgers,49,27,0.645,145,7,3,87,West,,
6/20/2026,D-backs,39,36,0.52,-15,5,5,87,West,,
6/20/2026,Padres,38,36,0.514,-11,5,5,87,West,,
6/20/2026,Giants,31,44,0.413,-50,5,5,87,West,,
6/20/2026,Rockies,29,47,0.382,-89,5,5,87,West,,
6/21/2026,Braves,48,27,0.64,102,4,6,88,East,,
6/21/2026,Phillies,41,35,0.539,-8,5,5,88,East,,
6/21/2026,Nationals,40,37,0.519,13,6,4,88,East,,
6/21/2026,Marlins,39,38,0.506,-1,7,3,88,East,,
6/21/2026,Mets,34,42,0.447,-27,5,5,88,East,,
6/21/2026,Brewers,45,29,0.608,114,4,6,88,Central,,
6/21/2026,Cardinals,40,34,0.541,2,4,6,88,Central,,
6/21/2026,Cubs,40,37,0.519,21,6,4,88,Central,,
6/21/2026,Pirates,38,39,0.494,12,4,6,88,Central,,
6/21/2026,Reds,36,39,0.48,-49,5,5,88,Central,,
6/21/2026,Dodgers,49,28,0.636,144,6,4,88,West,,
6/21/2026,Padres,39,36,0.52,-9,5,5,88,West,,
6/21/2026,D-backs,39,37,0.513,-23,5,5,88,West,,
6/21/2026,Giants,31,45,0.408,-53,4,6,88,West,,
6/21/2026,Rockies,30,47,0.39,-88,5,5,88,West,,
6/22/2026,Braves,48,28,0.632,97,3,7,89,East,,
6/22/2026,Phillies,42,35,0.545,-4,6,4,89,East,,
6/22/2026,Marlins,40,38,0.513,0,7,3,89,East,,
6/22/2026,Nationals,40,38,0.513,12,5,5,89,East,,
6/22/2026,Mets,34,43,0.442,-31,5,5,89,East,,
6/22/2026,Brewers,46,29,0.613,119,5,5,89,Central,,
6/22/2026,Cardinals,41,34,0.547,4,4,6,89,Central,,
6/22/2026,Cubs,40,37,0.519,21,6,4,89,Central,,
6/22/2026,Pirates,39,39,0.5,14,4,6,89,Central,,
6/22/2026,Reds,37,39,0.487,-46,5,5,89,Central,,
6/22/2026,Dodgers,49,29,0.628,133,6,4,89,West,,
6/22/2026,Padres,39,37,0.513,-10,5,5,89,West,,
6/22/2026,D-backs,39,38,0.506,-25,5,5,89,West,,
6/22/2026,Giants,31,46,0.403,-54,4,6,89,West,,
6/22/2026,Rockies,30,48,0.385,-90,4,6,89,West,,
6/23/2026,Braves,48,29,0.623,96,3,7,90,East,,
6/23/2026,Phillies,42,36,0.538,-7,5,5,90,East,,
6/23/2026,Nationals,41,38,0.519,15,6,4,90,East,,
6/23/2026,Marlins,40,39,0.506,-1,6,4,90,East,,
6/23/2026,Mets,34,43,0.442,-31,5,5,90,East,,
6/23/2026,Brewers,47,29,0.618,120,6,4,90,Central,,
6/23/2026,Cardinals,42,34,0.553,5,5,5,90,Central,,
6/23/2026,Cubs,40,37,0.519,21,6,4,90,Central,,
6/23/2026,Pirates,39,39,0.5,14,4,6,90,Central,,
6/23/2026,Reds,37,40,0.481,-47,5,5,90,Central,,
6/23/2026,Dodgers,50,29,0.633,134,6,4,90,West,,
6/23/2026,Padres,40,37,0.519,-9,5,5,90,West,,
6/23/2026,D-backs,39,39,0.5,-26,5,5,90,West,,
6/23/2026,Giants,31,46,0.403,-54,4,6,90,West,,
6/23/2026,Rockies,31,48,0.392,-89,5,5,90,West,,
6/24/2026,Braves,48,30,0.615,95,3,7,91,East,,
6/24/2026,Phillies,43,36,0.544,-2,6,4,91,East,,
6/24/2026,Marlins,41,39,0.513,1,6,4,91,East,,
6/24/2026,Nationals,41,39,0.513,10,6,4,91,East,,
6/24/2026,Mets,34,44,0.436,-34,4,6,91,East,,
6/24/2026,Brewers,48,29,0.623,122,6,4,91,Central,,
6/24/2026,Cardinals,42,35,0.545,4,5,5,91,Central,,
6/24/2026,Cubs,41,37,0.526,24,7,3,91,Central,,
6/24/2026,Pirates,39,40,0.494,13,4,6,91,Central,,
6/24/2026,Reds,37,41,0.474,-49,5,5,91,Central,,
6/24/2026,Dodgers,51,29,0.638,143,7,3,91,West,,
6/24/2026,Padres,41,37,0.526,-8,6,4,91,West,,
6/24/2026,D-backs,40,39,0.506,-25,5,5,91,West,,
6/24/2026,Giants,32,46,0.41,-52,5,5,91,West,,
6/24/2026,Rockies,31,49,0.388,-92,5,5,91,West,,
06/25/2026,Braves,48,31,0.608,92,3,7,92,East,-,1
06/25/2026,Phillies,44,36,0.55,-1,6,4,92,East,4.5,2
06/25/2026,Marlins,42,39,0.519,3,7,3,92,East,7.0,3
06/25/2026,Nationals,41,40,0.506,9,5,5,92,East,8.0,4
06/25/2026,Mets,34,46,0.425,-46,3,7,92,East,14.5,5
06/25/2026,Brewers,49,29,0.628,123,7,3,92,Central,-,1
06/25/2026,Cardinals,42,36,0.538,-1,4,6,92,Central,7.0,2
06/25/2026,Cubs,43,37,0.538,36,7,3,92,Central,7.0,3
06/25/2026,Pirates,40,40,0.5,23,5,5,92,Central,10.0,4
06/25/2026,Reds,37,42,0.468,-50,4,6,92,Central,12.5,5
06/25/2026,Dodgers,52,29,0.642,144,7,3,92,West,-,1
06/25/2026,Padres,42,37,0.532,-5,6,4,92,West,9.0,2
06/25/2026,D-backs,41,39,0.513,-20,6,4,92,West,10.5,3
06/25/2026,Giants,33,46,0.418,-51,5,5,92,West,18.0,4
06/25/2026,Rockies,32,49,0.395,-90,6,4,92,West,20.0,5
06/26/2026,Braves,48,31,0.608,92,3,7,93,East,-,1
06/26/2026,Phillies,45,36,0.556,4,7,3,93,East,4.0,2
06/26/2026,Marlins,42,39,0.519,3,7,3,93,East,7.0,3
06/26/2026,Nationals,41,41,0.5,4,4,6,93,East,8.5,4
06/26/2026,Mets,34,47,0.42,-47,2,8,93,East,15.0,5
06/26/2026,Brewers,49,29,0.628,123,7,3,93,Central,-,1
06/26/2026,Cubs,44,37,0.543,37,7,3,93,Central,6.5,2
06/26/2026,Cardinals,42,36,0.538,-1,4,6,93,Central,7.0,3
06/26/2026,Pirates,41,40,0.506,27,5,5,93,Central,9.5,4
06/26/2026,Reds,37,42,0.468,-50,4,6,93,Central,12.5,5
06/26/2026,Dodgers,52,29,0.642,144,7,3,93,West,-,1
06/26/2026,Padres,42,37,0.532,-5,6,4,93,West,9.0,2
06/26/2026,D-backs,41,39,0.513,-20,6,4,93,West,10.5,3
06/26/2026,Giants,33,47,0.413,-54,5,5,93,West,18.5,4
06/26/2026,Rockies,32,49,0.395,-90,6,4,93,West,20.0,5
06/27/2026,Braves,49,32,0.605,89,3,7,94,East,-,1
06/27/2026,Phillies,46,37,0.554,1,6,4,94,East,4.0,2
06/27/2026,Marlins,44,39,0.53,11,8,2,94,East,6.0,3
06/27/2026,Nationals,42,42,0.5,3,3,7,94,East,8.5,4
06/27/2026,Mets,35,48,0.422,-44,3,7,94,East,15.0,5
06/27/2026,Brewers,50,30,0.625,121,6,4,94,Central,-,1
06/27/2026,Cubs,45,38,0.542,39,7,3,94,Central,6.5,2
06/27/2026,Cardinals,42,38,0.525,-9,3,7,94,Central,8.0,3
06/27/2026,Pirates,41,42,0.494,23,5,5,94,Central,10.5,4
06/27/2026,Reds,39,42,0.481,-46,5,5,94,Central,11.5,5
06/27/2026,Dodgers,53,30,0.639,150,7,3,94,West,-,1
06/27/2026,Padres,43,38,0.531,-11,6,4,94,West,9.0,2
06/27/2026,D-backs,41,41,0.5,-27,4,6,94,West,11.5,3
06/27/2026,Giants,34,48,0.415,-51,5,5,94,West,18.5,4
06/27/2026,Rockies,33,50,0.398,-88,6,4,94,West,20.0,5
06/28/2026,Braves,49,33,0.598,88,3,7,95,East,-,1
06/28/2026,Phillies,47,37,0.56,2,7,3,95,East,3.0,2
06/28/2026,Marlins,44,40,0.524,10,8,2,95,East,6.0,3
06/28/2026,Nationals,43,42,0.506,5,4,6,95,East,7.5,4
06/28/2026,Mets,35,49,0.417,-45,2,8,95,East,15.0,5
06/28/2026,Brewers,50,31,0.617,120,5,5,95,Central,-,1
06/28/2026,Cubs,46,38,0.548,40,8,2,95,Central,5.5,2
06/28/2026,Cardinals,43,38,0.531,-8,3,7,95,Central,7.0,3
06/28/2026,Pirates,42,42,0.5,28,5,5,95,Central,9.5,4
06/28/2026,Reds,39,43,0.476,-51,4,6,95,Central,11.5,5
06/28/2026,Dodgers,53,30,0.639,150,7,3,95,West,-,1
06/28/2026,Padres,43,38,0.531,-11,6,4,95,West,9.0,2
06/28/2026,D-backs,41,42,0.494,-31,4,6,95,West,12.0,3
06/28/2026,Giants,35,48,0.422,-50,5,5,95,West,18.0,4
06/28/2026,Rockies,33,51,0.393,-89,5,5,95,West,20.5,5
06/29/2026,Braves,49,33,0.598,88,3,7,96,East,-,1
06/29/2026,Phillies,47,37,0.56,2,7,3,96,East,3.0,2
06/29/2026,Marlins,44,40,0.524,10,8,2,96,East,6.0,3
06/29/2026,Nationals,43,42,0.506,5,4,6,96,East,7.5,4
06/29/2026,Mets,35,49,0.417,-45,2,8,96,East,15.0,5
06/29/2026,Brewers,50,31,0.617,120,5,5,96,Central,-,1
06/29/2026,Cubs,46,38,0.548,40,8,2,96,Central,5.5,2
06/29/2026,Cardinals,43,38,0.531,-8,3,7,96,Central,7.0,3
06/29/2026,Pirates,42,42,0.5,28,5,5,96,Central,9.5,4
06/29/2026,Reds,39,43,0.476,-51,4,6,96,Central,11.5,5
06/29/2026,Dodgers,54,30,0.643,152,7,3,96,West,-,1
06/29/2026,Padres,43,39,0.524,-13,6,4,96,West,10.0,2
06/29/2026,D-backs,41,42,0.494,-31,4,6,96,West,12.5,3
06/29/2026,Giants,35,48,0.422,-50,5,5,96,West,18.5,4
06/29/2026,Rockies,33,51,0.393,-89,5,5,96,West,21.0,5
06/30/2026,Braves,49,33,0.598,88,3,7,97,East,-,1
06/30/2026,Phillies,47,38,0.553,-2,7,3,97,East,3.5,2
06/30/2026,Marlins,45,40,0.529,13,8,2,97,East,5.5,3
06/30/2026,Nationals,43,43,0.5,2,4,6,97,East,8.0,4
06/30/2026,Mets,35,50,0.412,-46,1,9,97,East,15.5,5
06/30/2026,Brewers,51,31,0.622,122,6,4,97,Central,-,1
06/30/2026,Cubs,47,38,0.553,41,8,2,97,Central,5.5,2
06/30/2026,Cardinals,43,38,0.531,-8,3,7,97,Central,7.5,3
06/30/2026,Pirates,43,42,0.506,32,5,5,97,Central,9.5,4
06/30/2026,Reds,39,44,0.47,-53,4,6,97,Central,12.5,5
06/30/2026,Dodgers,55,30,0.647,157,7,3,97,West,-,1
06/30/2026,Padres,43,40,0.518,-14,5,5,97,West,11.0,2
06/30/2026,D-backs,42,42,0.5,-30,4,6,97,West,12.5,3
06/30/2026,Giants,35,49,0.417,-51,4,6,97,West,19.5,4
06/30/2026,Rockies,33,52,0.388,-92,5,5,97,West,22.0,5
07/01/2026,Braves,49,34,0.59,86,3,7,98,East,-,1
07/01/2026,Phillies,48,38,0.558,6,7,3,98,East,2.5,2
07/01/2026,Marlins,46,40,0.535,24,8,2,98,East,4.5,3
07/01/2026,Nationals,44,43,0.506,9,4,6,98,East,7.0,4
07/01/2026,Mets,36,50,0.419,-43,2,8,98,East,14.5,5
07/01/2026,Brewers,52,31,0.627,127,7,3,98,Central,-,1
07/01/2026,Cubs,48,38,0.558,43,8,2,98,Central,5.5,2
07/01/2026,Cardinals,44,38,0.537,-6,4,6,98,Central,7.5,3
07/01/2026,Pirates,43,43,0.5,24,5,5,98,Central,10.5,4
07/01/2026,Reds,39,45,0.464,-58,4,6,98,Central,13.5,5
07/01/2026,Dodgers,56,30,0.651,163,7,3,98,West,-,1
07/01/2026,Padres,43,41,0.512,-16,5,5,98,West,12.0,2
07/01/2026,D-backs,43,42,0.506,-24,4,6,98,West,12.5,3
07/01/2026,Giants,35,50,0.412,-57,4,6,98,West,20.5,4
07/01/2026,Rockies,33,53,0.384,-103,4,6,98,West,23.0,5
07/02/2026,Braves,50,34,0.595,90,3,7,99,East,-,1
07/02/2026,Phillies,49,38,0.563,10,7,3,99,East,2.5,2
07/02/2026,Marlins,46,41,0.529,21,7,3,99,East,5.5,3
07/02/2026,Nationals,45,43,0.511,17,5,5,99,East,7.0,4
07/02/2026,Mets,36,51,0.414,-49,2,8,99,East,15.5,5
07/02/2026,Brewers,53,31,0.631,129,8,2,99,Central,-,1
07/02/2026,Cubs,49,38,0.563,63,9,1,99,Central,5.5,2
07/02/2026,Cardinals,44,39,0.53,-10,4,6,99,Central,8.5,3
07/02/2026,Pirates,43,44,0.494,20,5,5,99,Central,11.5,4
07/02/2026,Reds,39,46,0.459,-60,3,7,99,Central,14.5,5
07/02/2026,Dodgers,56,31,0.644,157,7,3,99,West,-,1
07/02/2026,Padres,43,42,0.506,-36,4,6,99,West,12.0,2
07/02/2026,D-backs,43,43,0.5,-26,4,6,99,West,12.5,3
07/02/2026,Giants,36,50,0.419,-55,5,5,99,West,19.5,4
07/02/2026,Rockies,34,53,0.391,-100,4,6,99,West,22.0,5
07/03/2026,Braves,50,35,0.588,84,2,8,100,East,-,1
07/03/2026,Phillies,49,39,0.557,5,7,3,100,East,2.5,2
07/03/2026,Marlins,46,42,0.523,11,6,4,100,East,5.5,3
07/03/2026,Nationals,45,43,0.511,17,5,5,100,East,6.5,4
07/03/2026,Mets,36,51,0.414,-49,2,8,100,East,15.0,5
07/03/2026,Brewers,53,32,0.624,124,7,3,100,Central,-,1
07/03/2026,Cubs,49,38,0.563,63,9,1,100,Central,5.0,2
07/03/2026,Cardinals,45,39,0.536,-4,5,5,100,Central,7.5,3
07/03/2026,Pirates,44,44,0.5,25,5,5,100,Central,10.5,4
07/03/2026,Reds,40,46,0.465,-55,3,7,100,Central,13.5,5
07/03/2026,Dodgers,57,31,0.648,162,8,2,100,West,-,1
07/03/2026,D-backs,43,43,0.5,-26,4,6,100,West,13.0,2
07/03/2026,Padres,43,43,0.5,-41,4,6,100,West,13.0,3
07/03/2026,Giants,36,50,0.419,-55,5,5,100,West,20.0,4
07/03/2026,Rockies,35,53,0.398,-90,5,5,100,West,22.0,5
07/04/2026,Braves,51,35,0.593,86,3,7,101,East,-,1
07/04/2026,Phillies,49,39,0.557,5,7,3,101,East,3.0,2
07/04/2026,Marlins,47,42,0.528,18,7,3,101,East,5.5,3
07/04/2026,Nationals,46,43,0.517,21,5,5,101,East,6.5,4
07/04/2026,Mets,36,52,0.409,-51,2,8,101,East,16.0,5
07/04/2026,Brewers,54,32,0.628,127,7,3,101,Central,-,1
07/04/2026,Cubs,49,39,0.557,47,8,2,101,Central,6.0,2
07/04/2026,Cardinals,46,39,0.541,12,5,5,101,Central,7.5,3
07/04/2026,Pirates,44,45,0.494,21,5,5,101,Central,11.5,4
07/04/2026,Reds,40,47,0.46,-58,3,7,101,Central,14.5,5
07/04/2026,Dodgers,58,31,0.652,163,8,2,101,West,-,1
07/04/2026,D-backs,43,44,0.494,-29,4,6,101,West,14.0,2
07/04/2026,Padres,43,44,0.494,-42,3,7,101,West,14.0,3
07/04/2026,Giants,36,51,0.414,-67,5,5,101,West,21.0,4
07/04/2026,Rockies,36,53,0.404,-78,5,5,101,West,22.0,5
07/05/2026,Braves,52,35,0.598,97,4,6,102,East,-,1
07/05/2026,Phillies,50,39,0.562,10,7,3,102,East,3.0,2
07/05/2026,Marlins,48,42,0.533,23,7,3,102,East,5.5,3
07/05/2026,Nationals,46,44,0.511,15,5,5,102,East,7.5,4
07/05/2026,Mets,36,53,0.404,-62,2,8,102,East,17.0,5
07/05/2026,Brewers,54,33,0.621,126,6,4,102,Central,-,1
07/05/2026,Cubs,49,40,0.551,44,7,3,102,Central,6.0,2
07/05/2026,Cardinals,47,39,0.547,15,5,5,102,Central,6.5,3
07/05/2026,Pirates,45,45,0.5,27,5,5,102,Central,10.5,4
07/05/2026,Reds,40,48,0.455,-61,3,7,102,Central,14.5,5
07/05/2026,Dodgers,59,31,0.656,166,8,2,102,West,-,1
07/05/2026,D-backs,44,44,0.5,-28,5,5,102,West,14.0,2
07/05/2026,Padres,43,45,0.489,-45,2,8,102,West,15.0,3
07/05/2026,Giants,37,51,0.42,-65,5,5,102,West,21.0,4
07/05/2026,Rockies,36,54,0.4,-80,5,5,102,West,23.0,5
07/06/2026,Braves,52,36,0.591,96,4,6,103,East,-,1
07/06/2026,Phillies,50,40,0.556,7,6,4,103,East,3.0,2
07/06/2026,Marlins,49,42,0.538,24,7,3,103,East,4.5,3
07/06/2026,Nationals,46,45,0.505,9,5,5,103,East,7.5,4
07/06/2026,Mets,37,53,0.411,-61,3,7,103,East,16.0,5
07/06/2026,Brewers,55,33,0.625,127,6,4,103,Central,-,1
07/06/2026,Cubs,50,40,0.556,46,7,3,103,Central,6.0,2
07/06/2026,Cardinals,47,40,0.54,13,5,5,103,Central,7.5,3
07/06/2026,Pirates,46,45,0.505,33,5,5,103,Central,10.5,4
07/06/2026,Reds,41,48,0.461,-60,4,6,103,Central,14.5,5
07/06/2026,Dodgers,59,32,0.648,163,7,3,103,West,-,1
07/06/2026,D-backs,44,45,0.494,-29,4,6,103,West,14.0,2
07/06/2026,Padres,44,45,0.494,-42,2,8,103,West,14.0,3
07/06/2026,Giants,37,52,0.416,-66,4,6,103,West,21.0,4
07/06/2026,Rockies,37,54,0.407,-79,5,5,103,West,22.0,5
07/07/2026,Braves,52,37,0.584,95,4,6,104,East,-,1
07/07/2026,Phillies,50,41,0.549,-7,5,5,104,East,3.0,2
07/07/2026,Marlins,49,42,0.538,24,7,3,104,East,4.0,3
07/07/2026,Nationals,47,45,0.511,10,6,4,104,East,6.5,4
07/07/2026,Mets,38,53,0.418,-60,4,6,104,East,15.0,5
07/07/2026,Brewers,56,33,0.629,128,6,4,104,Central,-,1
07/07/2026,Cubs,50,40,0.556,46,7,3,104,Central,6.5,2
07/07/2026,Cardinals,47,41,0.534,12,5,5,104,Central,8.5,3
07/07/2026,Pirates,46,45,0.505,33,5,5,104,Central,11.0,4
07/07/2026,Reds,41,48,0.461,-60,4,6,104,Central,15.0,5
07/07/2026,Dodgers,60,32,0.652,164,8,2,104,West,-,1
07/07/2026,D-backs,45,45,0.5,-21,4,6,104,West,14.0,2
07/07/2026,Padres,44,46,0.489,-50,1,9,104,West,15.0,3
07/07/2026,Giants,38,52,0.422,-57,5,5,104,West,21.0,4
07/07/2026,Rockies,37,55,0.402,-80,5,5,104,West,23.0,5
07/08/2026,Braves,52,38,0.578,87,3,7,105,East,-,1
07/08/2026,Phillies,51,41,0.554,-4,5,5,105,East,2.0,2
07/08/2026,Marlins,50,42,0.543,25,7,3,105,East,3.0,3
07/08/2026,Nationals,47,46,0.505,7,6,4,105,East,6.5,4
07/08/2026,Mets,38,54,0.413,-64,4,6,105,East,15.0,5
07/08/2026,Brewers,58,33,0.637,137,8,2,105,Central,-,1
07/08/2026,Cubs,51,40,0.56,49,7,3,105,Central,7.0,2
07/08/2026,Cardinals,47,43,0.522,3,5,5,105,Central,10.5,3
07/08/2026,Pirates,47,45,0.511,41,6,4,105,Central,11.5,4
07/08/2026,Reds,41,49,0.456,-63,3,7,105,Central,16.5,5
07/08/2026,Dodgers,60,33,0.645,163,7,3,105,West,-,1
07/08/2026,D-backs,45,46,0.495,-24,4,6,105,West,14.0,2
07/08/2026,Padres,45,46,0.495,-47,2,8,105,West,14.0,3
07/08/2026,Giants,38,53,0.418,-63,5,5,105,West,21.0,4
07/08/2026,Rockies,38,55,0.409,-79,5,5,105,West,22.0,5
07/09/2026,Braves,53,38,0.582,90,4,6,106,East,-,1
07/09/2026,Phillies,51,42,0.548,-10,5,5,106,East,3.0,2
07/09/2026,Marlins,51,42,0.548,27,7,3,106,East,3.0,3
07/09/2026,Nationals,48,46,0.511,13,6,4,106,East,6.5,4
07/09/2026,Mets,39,54,0.419,-60,4,6,106,East,15.0,5
07/09/2026,Brewers,58,34,0.63,133,7,3,106,Central,-,1
07/09/2026,Cubs,52,40,0.565,51,8,2,106,Central,6.0,2
07/09/2026,Cardinals,48,43,0.527,7,5,5,106,Central,9.5,3
07/09/2026,Pirates,47,46,0.505,38,6,4,106,Central,11.5,4
07/09/2026,Reds,42,49,0.462,-57,3,7,106,Central,15.5,5
07/09/2026,Dodgers,61,33,0.649,164,7,3,106,West,-,1
07/09/2026,Padres,46,46,0.5,-41,3,7,106,West,14.0,2
07/09/2026,D-backs,45,47,0.489,-30,4,6,106,West,15.0,3
07/09/2026,Giants,38,54,0.413,-73,4,6,106,West,22.0,4
07/09/2026,Rockies,38,56,0.404,-80,5,5,106,West,23.0,5
07/10/2026,Braves,54,38,0.587,95,5,5,107,East,-,1
07/10/2026,Phillies,52,42,0.553,-9,5,5,107,East,3.0,2
07/10/2026,Marlins,52,42,0.553,31,8,2,107,East,3.0,3
07/10/2026,Nationals,48,46,0.511,13,6,4,107,East,7.0,4
07/10/2026,Mets,40,54,0.426,-56,5,5,107,East,15.0,5
07/10/2026,Brewers,59,34,0.634,137,7,3,107,Central,-,1
07/10/2026,Cubs,52,41,0.559,50,7,3,107,Central,7.0,2
07/10/2026,Cardinals,48,44,0.522,3,4,6,107,Central,10.5,3
07/10/2026,Pirates,47,47,0.5,33,5,5,107,Central,12.5,4
07/10/2026,Reds,42,50,0.457,-58,3,7,107,Central,16.5,5
07/10/2026,Dodgers,61,33,0.649,164,7,3,107,West,-,1
07/10/2026,D-backs,46,47,0.495,-28,5,5,107,West,14.5,2
07/10/2026,Padres,46,47,0.495,-43,3,7,107,West,14.5,3
07/10/2026,Giants,39,54,0.419,-67,4,6,107,West,21.5,4
07/10/2026,Rockies,38,57,0.4,-86,5,5,107,West,23.5,5
07/11/2026,Braves,54,39,0.581,94,5,5,108,East,-,1
07/11/2026,Phillies,52,43,0.547,-17,5,5,108,East,3.0,2
07/11/2026,Marlins,52,43,0.547,30,7,3,108,East,3.0,3
07/11/2026,Nationals,48,47,0.505,11,5,5,108,East,7.0,4
07/11/2026,Mets,40,55,0.421,-60,5,5,108,East,15.0,5
07/11/2026,Brewers,59,34,0.634,137,7,3,108,Central,-,1
07/11/2026,Cubs,52,42,0.553,46,6,4,108,Central,7.5,2
07/11/2026,Cardinals,49,44,0.527,4,5,5,108,Central,10.0,3
07/11/2026,Pirates,47,47,0.5,33,5,5,108,Central,12.5,4
07/11/2026,Reds,43,50,0.462,-54,4,6,108,Central,16.0,5
07/11/2026,Dodgers,61,34,0.642,158,6,4,108,West,-,1
07/11/2026,D-backs,47,47,0.5,-22,5,5,108,West,13.5,2
07/11/2026,Padres,46,48,0.489,-45,3,7,108,West,14.5,3
07/11/2026,Giants,39,55,0.415,-68,4,6,108,West,21.5,4
07/11/2026,Rockies,39,57,0.406,-85,6,4,108,West,22.5,5
07/12/2026,Braves,54,40,0.574,91,4,6,109,East,-,1
07/12/2026,Phillies,53,43,0.552,-15,5,5,109,East,2.0,2
07/12/2026,Marlins,52,44,0.542,27,6,4,109,East,3.0,3
07/12/2026,Nationals,48,48,0.5,9,5,5,109,East,7.0,4
07/12/2026,Mets,40,56,0.417,-64,4,6,109,East,15.0,5
07/12/2026,Brewers,59,36,0.621,135,6,4,109,Central,-,1
07/12/2026,Cubs,53,42,0.558,48,6,4,109,Central,6.0,2
07/12/2026,Cardinals,50,44,0.532,7,5,5,109,Central,8.5,3
07/12/2026,Pirates,49,47,0.51,35,6,4,109,Central,10.5,4
07/12/2026,Reds,43,51,0.457,-56,4,6,109,Central,15.5,5
07/12/2026,Dodgers,61,35,0.635,151,5,5,109,West,-,1
07/12/2026,D-backs,48,47,0.505,-15,5,5,109,West,12.5,2
07/12/2026,Padres,47,48,0.495,-44,4,6,109,West,13.5,3
07/12/2026,Giants,40,55,0.421,-66,5,5,109,West,20.5,4
07/12/2026,Rockies,39,58,0.402,-87,5,5,109,West,22.5,5
07/13/2026,Braves,55,40,0.579,92,5,5,110,East,-,1
07/13/2026,Phillies,54,43,0.557,-10,5,5,110,East,2.0,2
07/13/2026,Marlins,52,45,0.536,24,6,4,110,East,4.0,3
07/13/2026,Nationals,48,49,0.495,7,4,6,110,East,8.0,4
07/13/2026,Mets,40,57,0.412,-65,4,6,110,East,16.0,5
07/13/2026,Brewers,59,37,0.615,126,5,5,110,Central,-,1
07/13/2026,Cubs,54,42,0.563,52,6,4,110,Central,5.0,2
07/13/2026,Cardinals,50,45,0.526,6,4,6,110,Central,8.5,3
07/13/2026,Pirates,50,47,0.515,44,7,3,110,Central,9.5,4
07/13/2026,Reds,43,52,0.453,-60,4,6,110,Central,15.5,5
07/13/2026,Dodgers,61,36,0.629,149,5,5,110,West,-,1
07/13/2026,D-backs,49,47,0.51,-13,6,4,110,West,11.5,2
07/13/2026,Padres,48,48,0.5,-43,5,5,110,West,12.5,3
07/13/2026,Giants,41,55,0.427,-64,5,5,110,West,19.5,4
07/13/2026,Rockies,39,59,0.398,-89,4,6,110,West,22.5,5
07/14/2026,Braves,55,40,0.579,92,5,5,111,East,-,1
07/14/2026,Phillies,54,43,0.557,-10,5,5,111,East,2.0,2
07/14/2026,Marlins,52,45,0.536,24,6,4,111,East,4.0,3
07/14/2026,Nationals,48,49,0.495,7,4,6,111,East,8.0,4
07/14/2026,Mets,40,57,0.412,-65,4,6,111,East,16.0,5
07/14/2026,Brewers,59,37,0.615,126,5,5,111,Central,-,1
07/14/2026,Cubs,54,42,0.563,52,6,4,111,Central,5.0,2
07/14/2026,Cardinals,50,45,0.526,6,4,6,111,Central,8.5,3
07/14/2026,Pirates,50,47,0.515,44,7,3,111,Central,9.5,4
07/14/2026,Reds,43,52,0.453,-60,4,6,111,Central,15.5,5
07/14/2026,Dodgers,61,36,0.629,149,5,5,111,West,-,1
07/14/2026,D-backs,49,47,0.51,-13,6,4,111,West,11.5,2
07/14/2026,Padres,48,48,0.5,-43,5,5,111,West,12.5,3
07/14/2026,Giants,41,55,0.427,-64,5,5,111,West,19.5,4
07/14/2026,Rockies,39,59,0.398,-89,4,6,111,West,22.5,5
07/15/2026,Braves,55,40,0.579,92,5,5,112,East,-,1
07/15/2026,Phillies,54,43,0.557,-10,5,5,112,East,2.0,2
07/15/2026,Marlins,52,45,0.536,24,6,4,112,East,4.0,3
07/15/2026,Nationals,48,49,0.495,7,4,6,112,East,8.0,4
07/15/2026,Mets,40,57,0.412,-65,4,6,112,East,16.0,5
07/15/2026,Brewers,59,37,0.615,126,5,5,112,Central,-,1
07/15/2026,Cubs,54,42,0.563,52,6,4,112,Central,5.0,2
07/15/2026,Cardinals,50,45,0.526,6,4,6,112,Central,8.5,3
07/15/2026,Pirates,50,47,0.515,44,7,3,112,Central,9.5,4
07/15/2026,Reds,43,52,0.453,-60,4,6,112,Central,15.5,5
07/15/2026,Dodgers,61,36,0.629,149,5,5,112,West,-,1
07/15/2026,D-backs,49,47,0.51,-13,6,4,112,West,11.5,2
07/15/2026,Padres,48,48,0.5,-43,5,5,112,West,12.5,3
07/15/2026,Giants,41,55,0.427,-64,5,5,112,West,19.5,4
07/15/2026,Rockies,39,59,0.398,-89,4,6,112,West,22.5,5
07/16/2026,Braves,55,40,0.579,92,5,5,113,East,-,1
07/16/2026,Phillies,54,43,0.557,-10,5,5,113,East,2.0,2
07/16/2026,Marlins,52,45,0.536,24,6,4,113,East,4.0,3
07/16/2026,Nationals,48,49,0.495,7,4,6,113,East,8.0,4
07/16/2026,Mets,40,57,0.412,-65,4,6,113,East,16.0,5
07/16/2026,Brewers,59,37,0.615,126,5,5,113,Central,-,1
07/16/2026,Cubs,54,42,0.563,52,6,4,113,Central,5.0,2
07/16/2026,Cardinals,50,45,0.526,6,4,6,113,Central,8.5,3
07/16/2026,Pirates,50,47,0.515,44,7,3,113,Central,9.5,4
07/16/2026,Reds,43,52,0.453,-60,4,6,113,Central,15.5,5
07/16/2026,Dodgers,61,36,0.629,149,5,5,113,West,-,1
07/16/2026,D-backs,49,47,0.51,-13,6,4,113,West,11.5,2
07/16/2026,Padres,48,48,0.5,-43,5,5,113,West,12.5,3
07/16/2026,Giants,41,55,0.427,-64,5,5,113,West,19.5,4
07/16/2026,Rockies,39,59,0.398,-89,4,6,113,West,22.5,5
07/17/2026,Braves,55,40,0.579,92,5,5,114,East,-,1
07/17/2026,Phillies,54,44,0.551,-13,5,5,114,East,2.5,2
07/17/2026,Marlins,52,45,0.536,24,6,4,114,East,4.0,3
07/17/2026,Nationals,48,49,0.495,7,4,6,114,East,8.0,4
07/17/2026,Mets,41,57,0.418,-62,5,5,114,East,15.5,5
07/17/2026,Brewers,59,37,0.615,126,5,5,114,Central,-,1
07/17/2026,Cubs,54,42,0.563,52,6,4,114,Central,5.0,2
07/17/2026,Cardinals,50,45,0.526,6,4,6,114,Central,8.5,3
07/17/2026,Pirates,50,47,0.515,44,7,3,114,Central,9.5,4
07/17/2026,Reds,43,52,0.453,-60,4,6,114,Central,15.5,5
07/17/2026,Dodgers,61,36,0.629,149,5,5,114,West,-,1
07/17/2026,D-backs,49,47,0.51,-13,6,4,114,West,11.5,2
07/17/2026,Padres,48,48,0.5,-43,5,5,114,West,12.5,3
07/17/2026,Giants,41,55,0.427,-64,5,5,114,West,19.5,4
07/17/2026,Rockies,39,59,0.398,-89,4,6,114,West,22.5,5
07/18/2026,Braves,56,40,0.583,106,5,5,115,East,-,1
07/18/2026,Phillies,54,44,0.551,-13,5,5,115,East,3.0,2
07/18/2026,Marlins,52,46,0.531,23,6,4,115,East,5.0,3
07/18/2026,Nationals,49,49,0.5,26,4,6,115,East,8.0,4
07/18/2026,Mets,41,57,0.418,-62,5,5,115,East,16.0,5
07/18/2026,Brewers,60,37,0.619,127,6,4,115,Central,-,1
07/18/2026,Cubs,54,43,0.557,49,5,5,115,Central,6.0,2
07/18/2026,Cardinals,51,45,0.531,7,4,6,115,Central,8.5,3
07/18/2026,Pirates,50,47,0.515,44,7,3,115,Central,10.0,4
07/18/2026,Reds,44,52,0.458,-55,4,6,115,Central,15.5,5
07/18/2026,Dodgers,62,36,0.633,150,5,5,115,West,-,1
07/18/2026,D-backs,49,48,0.505,-14,6,4,115,West,12.5,2
07/18/2026,Padres,48,49,0.495,-44,5,5,115,West,13.5,3
07/18/2026,Giants,42,55,0.433,-57,6,4,115,West,19.5,4
07/18/2026,Rockies,39,60,0.394,-94,3,7,115,West,23.5,5
07/19/2026,Braves,56,41,0.577,105,4,6,116,East,-,1
07/19/2026,Phillies,55,44,0.556,-8,5,5,116,East,2.0,2
07/19/2026,Marlins,52,47,0.525,21,5,5,116,East,5.0,3
07/19/2026,Nationals,49,50,0.495,12,3,7,116,East,8.0,4
07/19/2026,Mets,41,58,0.414,-67,5,5,116,East,16.0,5
07/19/2026,Brewers,61,37,0.622,129,6,4,116,Central,-,1
07/19/2026,Cubs,55,43,0.561,53,6,4,116,Central,6.0,2
07/19/2026,Cardinals,51,46,0.526,5,4,6,116,Central,9.5,3
07/19/2026,Pirates,51,48,0.515,48,7,3,116,Central,10.5,4
07/19/2026,Reds,44,53,0.454,-62,4,6,116,Central,16.5,5
07/19/2026,Dodgers,62,36,0.633,150,5,5,116,West,-,1
07/19/2026,D-backs,50,48,0.51,-12,6,4,116,West,12.0,2
07/19/2026,Padres,48,50,0.49,-49,5,5,116,West,14.0,3
07/19/2026,Giants,42,56,0.429,-58,5,5,116,West,20.0,4
07/19/2026,Rockies,40,60,0.4,-87,4,6,116,West,23.0,5
07/20/2026,Braves,57,41,0.582,108,5,5,117,East,-,1
07/20/2026,Phillies,55,45,0.55,-13,5,5,117,East,3.0,2
07/20/2026,Marlins,52,48,0.52,19,4,6,117,East,6.0,3
07/20/2026,Nationals,50,50,0.5,15,4,6,117,East,8.0,4
07/20/2026,Mets,42,58,0.42,-62,5,5,117,East,16.0,5
07/20/2026,Brewers,62,37,0.626,131,6,4,117,Central,-,1
07/20/2026,Cubs,56,43,0.566,62,7,3,117,Central,6.0,2
07/20/2026,Cardinals,51,47,0.52,4,4,6,117,Central,10.5,3
07/20/2026,Pirates,52,48,0.52,54,7,3,117,Central,10.5,4
07/20/2026,Reds,45,53,0.459,-59,5,5,117,Central,16.5,5
07/20/2026,Dodgers,63,37,0.63,155,4,6,117,West,-,1
07/20/2026,D-backs,51,48,0.515,-11,7,3,117,West,11.5,2
07/20/2026,Padres,49,50,0.495,-32,5,5,117,West,13.5,3
07/20/2026,Giants,42,57,0.424,-61,5,5,117,West,20.5,4
07/20/2026,Rockies,40,61,0.396,-90,3,7,117,West,23.5,5
07/21/2026,Braves,58,41,0.586,109,6,4,118,East,-,1
07/21/2026,Phillies,56,45,0.554,-10,6,4,118,East,3.0,2
07/21/2026,Marlins,52,49,0.515,16,3,7,118,East,7.0,3
07/21/2026,Nationals,51,50,0.505,19,5,5,118,East,8.0,4
07/21/2026,Mets,42,59,0.416,-67,4,6,118,East,17.0,5
07/21/2026,Brewers,63,37,0.63,136,6,4,118,Central,-,1
07/21/2026,Cubs,56,44,0.56,60,6,4,118,Central,7.0,2
07/21/2026,Cardinals,51,48,0.515,3,4,6,118,Central,11.5,3
07/21/2026,Pirates,52,49,0.515,51,6,4,118,Central,11.5,4
07/21/2026,Reds,45,54,0.455,-67,4,6,118,Central,17.5,5
07/21/2026,Dodgers,63,38,0.624,152,4,6,118,West,-,1
07/21/2026,D-backs,51,49,0.51,-14,6,4,118,West,11.5,2
07/21/2026,Padres,49,51,0.49,-33,5,5,118,West,13.5,3
07/21/2026,Giants,42,58,0.42,-62,4,6,118,West,20.5,4
07/21/2026,Rockies,40,62,0.392,-94,3,7,118,West,23.5,5
07/22/2026,Braves,58,42,0.58,104,6,4,119,East,-,1
07/22/2026,Phillies,56,46,0.549,-11,5,5,119,East,3.0,2
07/22/2026,Marlins,52,50,0.51,14,2,8,119,East,7.0,3
07/22/2026,Nationals,51,51,0.5,18,4,6,119,East,8.0,4
07/22/2026,Mets,43,59,0.422,-63,5,5,119,East,16.0,5
07/22/2026,Brewers,63,38,0.624,132,5,5,119,Central,-,1
07/22/2026,Cubs,57,44,0.564,69,6,4,119,Central,6.0,2
07/22/2026,Pirates,52,49,0.515,51,6,4,119,Central,11.0,3
07/22/2026,Cardinals,51,49,0.51,-1,4,6,119,Central,11.5,4
07/22/2026,Reds,46,54,0.46,-65,5,5,119,Central,16.5,5
07/22/2026,Dodgers,64,38,0.627,153,4,6,119,West,-,1
07/22/2026,D-backs,52,49,0.515,-13,7,3,119,West,11.5,2
07/22/2026,Padres,50,51,0.495,-28,5,5,119,West,13.5,3
07/22/2026,Giants,42,59,0.416,-63,4,6,119,West,21.5,4
07/22/2026,Rockies,41,62,0.398,-93,3,7,119,West,23.5,5
07/23/2026,Braves,59,42,0.584,105,6,4,120,East,-,1
07/23/2026,Phillies,56,47,0.544,-15,5,5,120,East,4.0,2
07/23/2026,Marlins,52,51,0.505,11,1,9,120,East,8.0,3
07/23/2026,Nationals,52,51,0.505,26,5,5,120,East,8.0,4
07/23/2026,Mets,43,60,0.417,-64,4,6,120,East,17.0,5
07/23/2026,Brewers,64,38,0.627,133,6,4,120,Central,-,1
07/23/2026,Cubs,57,45,0.559,65,5,5,120,Central,7.0,2
07/23/2026,Cardinals,52,49,0.515,0,4,6,120,Central,11.5,3
07/23/2026,Pirates,53,50,0.515,51,6,4,120,Central,11.5,4
07/23/2026,Reds,47,54,0.465,-63,5,5,120,Central,16.5,5
07/23/2026,Dodgers,65,38,0.631,157,5,5,120,West,-,1
07/23/2026,D-backs,53,49,0.52,-3,8,2,120,West,11.5,2
07/23/2026,Padres,50,52,0.49,-29,4,6,120,West,14.5,3
07/23/2026,Giants,42,60,0.412,-64,4,6,120,West,22.5,4
07/23/2026,Rockies,41,63,0.394,-101,3,7,120,West,24.5,5
07/24/2026,Braves,60,42,0.588,106,6,4,121,East,-,1
07/24/2026,Phillies,56,47,0.544,-15,5,5,121,East,4.5,2
07/24/2026,Marlins,52,51,0.505,11,1,9,121,East,8.5,3
07/24/2026,Nationals,52,51,0.505,26,5,5,121,East,8.5,4
07/24/2026,Mets,43,60,0.417,-64,4,6,121,East,17.5,5
07/24/2026,Brewers,64,38,0.627,133,6,4,121,Central,-,1
07/24/2026,Cubs,57,45,0.559,65,5,5,121,Central,7.0,2
07/24/2026,Pirates,53,50,0.515,51,6,4,121,Central,11.5,3
07/24/2026,Cardinals,52,50,0.51,-4,4,6,121,Central,12.0,4
07/24/2026,Reds,47,54,0.465,-63,5,5,121,Central,16.5,5
07/24/2026,Dodgers,65,38,0.631,157,5,5,121,West,-,1
07/24/2026,D-backs,54,49,0.524,1,8,2,121,West,11.0,2
07/24/2026,Padres,50,53,0.485,-30,4,6,121,West,15.0,3
07/24/2026,Giants,42,60,0.412,-64,4,6,121,West,22.5,4
07/24/2026,Rockies,41,63,0.394,-101,3,7,121,West,24.5,5
07/25/2026,Braves,61,42,0.592,107,7,3,122,East,-,1
07/25/2026,Phillies,56,48,0.538,-16,4,6,122,East,5.5,2
07/25/2026,Marlins,52,52,0.5,9,0,10,122,East,9.5,3
07/25/2026,Nationals,52,52,0.5,25,4,6,122,East,9.5,4
07/25/2026,Mets,43,61,0.413,-66,3,7,122,East,18.5,5
07/25/2026,Brewers,64,39,0.621,130,5,5,122,Central,-,1
07/25/2026,Cubs,58,45,0.563,66,6,4,122,Central,6.0,2
07/25/2026,Pirates,53,51,0.51,50,6,4,122,Central,11.5,3
07/25/2026,Cardinals,52,51,0.505,-6,3,7,122,Central,12.0,4
07/25/2026,Reds,48,54,0.471,-61,6,4,122,Central,15.5,5
07/25/2026,Dodgers,66,38,0.635,159,5,5,122,West,-,1
07/25/2026,D-backs,55,49,0.529,2,8,2,122,West,11.0,2
07/25/2026,Padres,51,53,0.49,-28,5,5,122,West,15.0,3
07/25/2026,Giants,43,60,0.417,-63,4,6,122,West,22.5,4
07/25/2026,Rockies,42,63,0.4,-98,4,6,122,West,24.5,5
07/26/2026,Braves,61,43,0.587,106,7,3,123,East,-,1
07/26/2026,Phillies,56,49,0.533,-18,4,6,123,East,5.5,2
07/26/2026,Nationals,53,52,0.505,27,5,5,123,East,8.5,3
07/26/2026,Marlins,52,53,0.495,4,0,10,123,East,9.5,4
07/26/2026,Mets,43,62,0.41,-67,3,7,123,East,18.5,5
07/26/2026,Brewers,65,39,0.625,133,6,4,123,Central,-,1
07/26/2026,Cubs,59,45,0.567,77,7,3,123,Central,6.0,2
07/26/2026,Cardinals,53,51,0.51,1,3,7,123,Central,12.0,3
07/26/2026,Pirates,53,52,0.505,39,5,5,123,Central,12.5,4
07/26/2026,Reds,48,55,0.466,-68,5,5,123,Central,16.5,5
07/26/2026,Dodgers,67,38,0.638,160,6,4,123,West,-,1
07/26/2026,D-backs,55,50,0.524,0,7,3,123,West,12.0,2
07/26/2026,Padres,52,53,0.495,-23,5,5,123,West,15.0,3
07/26/2026,Giants,44,60,0.423,-56,5,5,123,West,22.5,4
07/26/2026,Rockies,42,64,0.396,-101,3,7,123,West,25.5,5
07/27/2026,Braves,62,43,0.59,107,7,3,124,East,-,1
07/27/2026,Phillies,57,49,0.538,-11,4,6,124,East,5.5,2
07/27/2026,Nationals,54,52,0.509,30,6,4,124,East,8.5,3
07/27/2026,Marlins,52,54,0.491,2,0,10,124,East,10.5,4
07/27/2026,Mets,44,62,0.415,-62,4,6,124,East,18.5,5
07/27/2026,Brewers,66,39,0.629,142,7,3,124,Central,-,1
07/27/2026,Cubs,59,46,0.562,76,6,4,124,Central,7.0,2
07/27/2026,Pirates,54,52,0.509,40,5,5,124,Central,12.5,3
07/27/2026,Cardinals,53,52,0.505,-1,3,7,124,Central,13.0,4
07/27/2026,Reds,49,55,0.471,-66,6,4,124,Central,16.5,5
07/27/2026,Dodgers,67,39,0.632,155,6,4,124,West,-,1
07/27/2026,D-backs,55,51,0.519,-3,6,4,124,West,12.0,2
07/27/2026,Padres,53,53,0.5,-21,5,5,124,West,14.0,3
07/27/2026,Giants,44,61,0.419,-57,4,6,124,West,22.5,4
07/27/2026,Rockies,42,65,0.393,-110,3,7,124,West,25.5,5
